date,sales,onpromotion,transactions,dcoilwtico,is_holiday,day_of_week,day_of_month,month,quarter,year,week_of_year,lag_1,lag_7,lag_14,lag_28,rolling_7,rolling_14,rolling_28
2013-01-01,2511.618999,0,770.0,93.14,1,1,1,1,1,2013,1,,,,,,,
2013-01-02,496092.417944,0,93215.0,93.14,0,2,2,1,1,2013,1,2511.618999,,,,,,
2013-01-03,361461.231124,0,78504.0,92.97,0,3,3,1,1,2013,1,496092.417944,,,,,,
2013-01-04,354459.6770927,0,78494.0,93.12,0,4,4,1,1,2013,1,361461.231124,,,,,,
2013-01-05,477350.121229,0,93573.0,93.12,1,5,5,1,1,2013,1,354459.6770927,,,,,,
2013-01-06,519695.401088,0,90464.0,93.12,0,6,6,1,1,2013,1,477350.121229,,,,,,
2013-01-07,336122.801066,0,75597.0,93.2,0,0,7,1,1,2013,2,519695.401088,,,,,,
2013-01-08,318347.777981,0,72325.0,93.21,0,1,8,1,1,2013,2,336122.801066,2511.618999,,,363956.1812203857,,
2013-01-09,302530.809018,0,71971.0,93.08,0,2,9,1,1,2013,2,318347.777981,496092.417944,,,409075.63250352856,,
2013-01-10,258982.003049,0,66383.0,93.81,0,3,10,1,1,2013,2,302530.809018,361461.231124,,,381423.9740855286,,
2013-01-11,289737.6850845,0,70338.0,93.6,0,4,11,1,1,2013,2,258982.003049,354459.6770927,,,366784.0843605286,,
2013-01-12,403258.2120105,0,85511.0,93.6,1,5,12,1,1,2013,2,289737.6850845,477350.121229,,,357538.0855022143,,
2013-01-13,464638.547998,0,86306.0,93.6,0,6,13,1,1,2013,2,403258.2120105,519695.401088,,,346953.52704242856,,
2013-01-14,293348.362078,0,70078.0,94.27,0,0,14,1,1,2013,3,464638.547998,336122.801066,,,339088.26231528574,,
2013-01-15,299129.549954,0,71134.0,93.26,0,1,15,1,1,2013,3,293348.362078,318347.777981,2511.618999,,332977.62817414285,348466.90469726425,
2013-01-16,318347.913946,0,72471.0,94.28,0,2,16,1,1,2013,3,299129.549954,302530.809018,496092.417944,,330232.1670274286,369653.89976547856,
2013-01-17,267498.5159755,0,68873.0,95.49,0,3,17,1,1,2013,3,318347.913946,258982.003049,361461.231124,,332491.75344571425,356957.86376562144,
2013-01-18,296130.850028,0,71371.0,95.61,0,4,18,1,1,2013,3,267498.5159755,289737.6850845,354459.6770927,,333708.3981495,350246.24125501426,
2013-01-19,432459.852021,0,88558.0,95.61,0,5,19,1,1,2013,3,296130.850028,403258.2120105,477350.121229,,334621.7074271428,346079.8964646786,
2013-01-20,461092.386047,0,85281.0,95.61,0,6,20,1,1,2013,3,432459.852021,464638.547998,519695.401088,,338793.37028578576,342873.44866410707,
2013-01-21,311211.26595000003,0,73250.0,95.61,0,0,21,1,1,2013,4,461092.386047,293348.362078,336122.801066,,338286.77572135715,338687.5190183214,
2013-01-22,296214.728983,0,68988.0,96.09,0,1,22,1,1,2013,4,311211.26595000003,299129.549954,318347.777981,,340838.61913164286,336908.12365289294,
2013-01-23,283258.4530325,0,69819.0,95.06,0,2,23,1,1,2013,4,296214.728983,318347.913946,302530.809018,,340422.21613578574,335327.1915816072,
2013-01-24,247245.690995,0,63705.0,95.35,0,3,24,1,1,2013,4,283258.4530325,267498.5159755,258982.003049,,335409.43600528565,333950.5947255,
2013-01-25,290022.77193,0,71273.0,95.15,0,4,25,1,1,2013,4,247245.690995,296130.850028,289737.6850845,,332516.1752937857,333112.2867216429,
2013-01-26,413799.7679753,0,88022.0,95.15,0,5,26,1,1,2013,4,290022.77193,432459.852021,403258.2120105,,331643.59270835714,333132.65006774996,
2013-01-27,430411.991233,0,83304.0,95.15,0,6,27,1,1,2013,4,413799.7679753,461092.386047,464638.547998,,328977.8664161143,333885.61835095,
2013-01-28,285460.169953,0,70389.0,95.95,0,0,28,1,1,2013,5,430411.991233,311211.26595000003,293348.362078,,324594.95287125715,331440.86429630715,
2013-01-29,264488.81807649997,0,68435.0,97.62,0,1,29,1,1,2013,5,285460.169953,296214.728983,299129.549954,2511.618999,320916.2248716857,330877.42200166424,339672.16334946424
2013-01-30,281061.127052,0,70888.0,97.98,0,2,30,1,1,2013,5,264488.81807649997,283258.4530325,318347.913946,496092.417944,316383.9518850428,328403.0840104143,349028.49188794644
2013-01-31,271254.217996,0,70268.0,97.65,0,3,31,1,1,2013,5,281061.127052,247245.690995,267498.5159755,361461.231124,316070.0481735429,325739.7420894143,341348.80292751786
2013-02-01,369402.055266,0,78302.0,97.46,0,4,1,2,1,2013,5,271254.217996,290022.77193,296130.850028,354459.6770927,319499.8377451143,326008.00651945,338127.1238872321
2013-02-02,518887.462705,0,97347.0,97.46,0,5,2,2,1,2013,5,369402.055266,413799.7679753,432459.852021,477350.121229,330839.73536454287,331241.66403645,338660.7802505643
2013-02-03,486336.82018,0,87026.0,97.46,0,6,3,2,1,2013,5,518887.462705,430411.991233,461092.386047,519695.401088,345852.2631830714,337415.0647995929,340144.25673185
2013-02-04,344308.715017,0,75330.0,96.21,0,0,4,2,1,2013,6,486336.82018,285460.169953,311211.26595000003,336122.801066,353841.5244612143,339218.23866623576,338952.87884227856
2013-02-05,321245.83913,0,76206.0,96.68,0,1,5,2,1,2013,6,344308.715017,264488.81807649997,296214.728983,318347.777981,362248.45947035716,341582.3421710214,339245.23291195714
2013-02-06,321538.177149,0,75291.0,96.44,0,2,6,2,1,2013,6,321245.83913,281061.127052,283258.4530325,302530.809018,370356.6053351429,343370.2786100929,339348.73509585
2013-02-07,290807.530973,0,72789.0,95.84,0,3,7,2,1,2013,6,321538.177149,271254.217996,247245.690995,258982.003049,376139.0410632857,346104.5446184143,340027.5696719571
2013-02-08,347441.789912,0,79726.0,95.71,0,4,8,2,1,2013,6,290807.530973,369402.055266,290022.77193,289737.6850845,378932.37148857146,349216.1046168429,341164.1956692428
2013-02-09,416176.2790747,0,90342.0,95.71,0,5,9,2,1,2013,6,347441.789912,518887.462705,413799.7679753,403258.2120105,375795.1907237143,353317.46304412856,343225.0565559393
2013-02-10,300951.328993,0,69963.0,95.71,0,6,10,2,1,2013,6,416176.2790747,486336.82018,430411.991233,464638.547998,361122.1644908143,353487.21383694286,343686.41609394643
2013-02-11,278627.588926,0,67222.0,97.01,1,0,11,2,1,2013,7,300951.328993,344308.715017,285460.169953,293348.362078,334638.52289267135,344240.0236769429,337840.443986625
2013-02-12,308800.7909121,0,71808.0,97.48,1,1,12,2,1,2013,7,278627.588926,321245.83913,264488.81807649997,299129.549954,325255.50487967144,343751.98217501433,337314.70208833925
2013-02-13,319597.929962,0,80098.0,97.03,0,2,13,2,1,2013,7,308800.7909121,321538.177149,281061.127052,318347.913946,323477.64084854285,346917.12309184286,337660.10355112853
2013-02-14,308164.016957,0,88681.0,97.3,0,3,14,2,1,2013,7,319597.929962,290807.530973,271254.217996,267498.5159755,323200.4626789714,349669.75187112857,337704.7469802714
2013-02-15,320168.883912,0,75789.0,95.95,0,4,15,2,1,2013,7,308164.016957,347441.789912,369402.055266,296130.850028,325679.96067668573,352306.16608262854,339157.0863010393
2013-02-16,485660.494008,0,92816.0,95.95,0,5,16,2,1,2013,7,320168.883912,416176.2790747,518887.462705,432459.852021,321783.8312481143,348789.51098591427,340015.5875111822
2013-02-17,399588.910014,0,77449.0,95.95,0,6,17,2,1,2013,7,485660.494008,300951.328993,486336.82018,461092.386047,331710.1476671571,346416.1560789857,341915.6104392893
2013-02-18,350745.573191,0,76437.0,95.95,0,0,18,2,1,2013,8,399588.910014,278627.588926,344308.715017,311211.26595000003,345801.2306701572,340219.87678141426,339719.057723825
2013-02-19,293637.801951,0,70645.0,96.69,0,1,19,2,1,2013,8,350745.573191,308800.7909121,321245.83913,296214.728983,356103.7998508714,340679.6523652714,341130.9972681464
2013-02-20,313803.162034,0,73812.0,94.92,0,2,20,2,1,2013,8,293637.801951,319597.929962,321538.177149,283258.4530325,353937.6585707143,338707.64970962855,341038.96415986074
2013-02-21,267711.1090155,0,68246.0,92.79,0,3,21,2,1,2013,8,313803.162034,308164.016957,290807.530973,247245.690995,353109.834581,338155.1486299857,342129.84662419994
2013-02-22,285679.869131,0,70914.0,93.12,0,4,22,2,1,2013,8,267711.1090155,320168.883912,347441.789912,290022.77193,347330.84773221426,336505.40420445,342860.7544106464
2013-02-23,412897.349113,0,88390.0,93.12,0,5,23,2,1,2013,8,285679.869131,485660.494008,416176.2790747,413799.7679753,342403.8456206429,332093.8384343786,342705.65073925356
2013-02-24,452726.126103,0,84125.0,93.12,0,6,24,2,1,2013,8,412897.349113,399588.910014,300951.328993,430411.991233,332009.11063564284,331859.6291514,342673.42149417143
2013-02-25,307110.875933,0,72167.0,92.74,0,0,25,2,1,2013,9,452726.126103,350745.573191,278627.588926,285460.169953,339600.14150549995,342700.6860878286,343470.3548823857
2013-02-26,270425.0070675,0,68706.0,92.63,0,1,26,2,1,2013,9,307110.875933,293637.801951,308800.7909121,264488.81807649997,333366.6133257857,344735.2065883285,344243.59438167146
2013-02-27,288401.998919,0,70170.0,92.84,0,2,27,2,1,2013,9,270425.0070675,313803.162034,319597.929962,281061.127052,330050.499771,341994.07917085715,344455.60113135
2013-02-28,278116.291888,0,69818.0,92.03,0,3,28,2,1,2013,9,288401.998919,267711.1090155,308164.016957,271254.217996,326421.7621831428,339765.7983820714,344717.7751266
2013-03-01,378898.165064,0,79524.0,90.71,0,4,1,3,1,2013,9,278116.291888,285679.869131,320168.883912,369402.055266,327908.2168792143,337619.53230571427,344962.84919417143
2013-03-02,547857.205258,0,98616.0,90.71,1,5,2,3,1,2013,9,378898.165064,412897.349113,485660.494008,518887.462705,341225.11629821424,341814.4809594286,345301.99597267143
2013-03-03,559820.580027,0,92716.0,90.71,0,6,3,3,1,2013,9,547857.205258,452726.126103,399588.910014,486336.82018,360505.0957475,346257.1031915714,346336.6296352786
2013-03-04,383647.679097,0,79078.0,90.13,0,0,4,3,1,2013,10,559820.580027,307110.875933,350745.573191,344308.715017,375804.3034509286,357702.2224782143,348961.0496298143
2013-03-05,332189.993189,0,75134.0,90.88,0,1,5,3,1,2013,10,383647.679097,270425.0070675,293637.801951,321245.83913,386738.13247435715,360052.37290007144,350366.0126326714
2013-03-06,335726.580968,0,76519.0,90.47,0,2,6,3,1,2013,10,332189.993189,288401.998919,313803.162034,321538.177149,395561.7019202857,362806.10084564285,350756.8752776357
2013-03-07,293099.52701,0,73910.0,91.53,0,3,7,3,1,2013,10,335726.580968,278116.291888,267711.1090155,290807.530973,402322.35649871425,364372.0593409286,351263.60398545716
2013-03-08,316600.679967,0,78231.0,92.01,0,4,8,3,1,2013,10,293099.52701,378898.165064,285679.869131,347441.789912,404462.81865900004,366185.51776910713,351345.4609867786
2013-03-09,453259.496866,0,92462.0,92.01,0,5,9,3,1,2013,10,316600.679967,547857.205258,412897.349113,416176.2790747,395563.1779308571,368394.14711453574,350243.99277445715
2013-03-10,461859.756153,0,86322.0,92.01,0,6,10,3,1,2013,10,453259.496866,559820.580027,452726.126103,300951.328993,382049.21958914277,371277.1576683214,351568.3934098607
2013-03-11,318379.133021,0,75161.0,92.07,0,0,11,3,1,2013,11,461859.756153,383647.679097,307110.875933,278627.588926,368054.8161785714,371929.55981475004,357315.12295128923
2013-03-12,271823.37801,0,69346.0,92.44,0,1,12,3,1,2013,11,318379.133021,332189.993189,270425.0070675,308800.7909121,358730.7381677143,372734.43532103574,358734.8209546822
2013-03-13,287869.663972,0,72010.0,92.47,0,2,13,3,1,2013,11,271823.37801,335726.580968,288401.998919,319597.929962,350106.9359992857,372834.3189597857,357414.1990653214
2013-03-14,247541.420096,0,67393.0,93.03,0,3,14,3,1,2013,11,287869.663972,293099.52701,278116.291888,308164.016957,343270.23357128573,372796.29503499996,356281.04670853575
2013-03-15,315878.090213,0,75533.0,93.49,0,4,15,3,1,2013,11,247541.420096,316600.679967,378898.165064,320168.883912,336761.9325835714,370612.3756212857,354115.9539635
2013-03-16,482233.433961,0,91900.0,93.49,0,5,16,3,1,2013,11,315878.090213,453259.496866,547857.205258,485660.494008,336658.70547585713,366110.94170335715,353962.7113313928
2013-03-17,513439.584913,0,89346.0,93.49,0,6,17,3,1,2013,11,482233.433961,461859.756153,559820.580027,399588.910014,340797.8393465714,361423.5294678571,353840.3163297143
2013-03-18,330283.80303,0,74418.0,93.71,0,0,18,3,1,2013,12,513439.584913,318379.133021,383647.679097,350745.573191,348166.38631228573,358110.60124542855,357906.4118618214
2013-03-19,294020.245897,0,71841.0,92.44,0,1,19,3,1,2013,12,330283.80303,271823.37801,332189.993189,293637.801951,349867.0534564286,354298.89581207145,357175.6343560714
2013-03-20,321207.006946,0,74145.0,93.21,0,2,20,3,1,2013,12,294020.245897,287869.663972,335726.580968,313803.162034,353038.0345831429,351572.48529121425,357189.2930684286
2013-03-21,269130.127953,0,69157.0,92.46,0,3,21,3,1,2013,12,321207.006946,247541.420096,293099.52701,267711.1090155,357800.51215085713,350535.37286107143,357453.716101
2013-03-22,304100.453969,0,71990.0,93.41,0,4,22,3,1,2013,12,269130.127953,315878.090213,316600.679967,285679.869131,360884.61327328574,348823.27292842855,357504.39534876787
2013-03-23,453192.003086,0,91923.0,93.41,0,5,23,3,1,2013,12,304100.453969,482233.433961,453259.496866,412897.349113,359202.09380985715,347930.3996428572,358162.2733786964
2013-03-24,449794.636951,0,83439.0,93.41,0,6,24,3,1,2013,12,453192.003086,513439.584913,461859.756153,452726.126103,355053.31797057146,347925.57865857147,359601.36816344643
2013-03-25,317559.6099585,0,72992.0,94.55,0,0,25,3,1,2013,13,449794.636951,330283.80303,318379.133021,307110.875933,345961.1825474286,347063.7844298571,359496.6721223036
2013-03-26,275818.2359,0,68469.0,95.99,0,1,26,3,1,2013,13,317559.6099585,294020.245897,271823.37801,270425.0070675,344143.4406800714,347005.24706825,359869.8411946428
2013-03-27,313691.148998,0,74049.0,96.53,0,2,27,3,1,2013,13,275818.2359,321207.006946,287869.663972,288401.998919,341543.15353764285,347290.5940603929,360062.4565100893
2013-03-28,339293.269022,0,82104.0,97.24,0,3,28,3,1,2013,13,313691.148998,269130.127953,247541.420096,278116.291888,340469.4595450714,349134.9858479643,360965.64044148213
2013-03-29,345513.132,0,77781.0,97.24,0,4,29,3,1,2013,13,339293.269022,304100.453969,315878.090213,378898.165064,350492.7654120714,355688.6893426786,363150.5324819822
2013-03-30,452661.356036,0,90611.0,97.24,0,5,30,3,1,2013,13,345513.132,453192.003086,482233.433961,547857.205258,356408.8622736429,357805.47804175,361958.2098725536
2013-03-31,462107.639956,0,82563.0,97.24,0,6,31,3,1,2013,13,452661.356036,449794.636951,513439.584913,559820.580027,356333.0555522143,355693.18676139286,358558.358114625
2013-04-01,428816.447912,0,81678.0,97.1,1,0,1,4,2,2013,14,462107.639956,317559.6099585,330283.80303,383647.679097,358092.0559815,352026.6192644643,355068.61025494646
2013-04-02,377732.827961,0,77165.0,97.23,0,1,2,4,2,2013,14,428816.447912,275818.2359,294020.245897,332189.993189,373985.88997485716,359064.6653274643,356681.78056976787
2013-04-03,373731.0758793,0,78534.0,95.02,0,2,3,4,2,2013,14,377732.827961,313691.148998,321207.006946,335726.580968,388545.1174121429,365044.13547489286,358308.3103830536
2013-04-04,308738.385963,0,72217.0,93.26,0,3,4,4,2,2013,14,373731.0758793,339293.269022,269130.127953,293099.52701,397122.24982375716,368795.8546844143,359665.6137727429
2013-04-05,336394.782031,0,74928.0,92.76,0,4,5,4,2,2013,14,308738.385963,345513.132,304100.453969,316600.679967,392757.2665296143,371625.0159708429,360224.1444496357
2013-04-06,509424.214023,0,94844.0,92.76,0,5,6,4,2,2013,14,336394.782031,452661.356036,453192.003086,453259.496866,391454.6451054714,373931.7536895572,360931.07666620717
2013-04-07,519048.376884,0,89183.0,92.76,0,6,7,4,2,2013,14,509424.214023,462107.639956,449794.636951,461859.756153,399563.62481789995,377948.3401850571,362936.9594218143
2013-04-08,346649.815943,0,75161.0,93.36,0,0,8,4,2,2013,15,519048.376884,428816.447912,317559.6099585,318379.133021,407698.0158076143,382895.0358945572,364979.4101622072
2013-04-09,306335.8019617,0,71416.0,94.18,0,1,9,4,2,2013,15,346649.815943,377732.827961,275818.2359,271823.37801,395959.92552632856,384972.90775059286,365989.07740942144
2013-04-10,312846.374941,0,73989.0,94.59,0,2,10,4,2,2013,15,306335.8019617,373731.0758793,313691.148998,287869.663972,385760.3503835714,387152.7338978572,367221.66397912503
2013-04-11,303223.41301,0,71907.0,93.44,0,3,11,4,2,2013,15,312846.374941,308738.385963,339293.269022,247541.420096,377062.5359638143,387092.3928937857,368113.68937087496
2013-04-12,314394.967035,0,75403.0,91.23,1,4,12,4,2,2013,15,303223.41301,336394.782031,345513.132,315878.090213,376274.68268481427,384515.97460721433,370102.3319749464
2013-04-13,453442.497048,0,92166.0,91.23,0,5,13,4,2,2013,15,314394.967035,509424.214023,452661.356036,482233.433961,373131.85197109997,382293.2485382858,370049.3632900179
2013-04-14,478417.148813,0,86803.0,91.23,1,6,14,4,2,2013,15,453442.497048,519048.376884,462107.639956,513439.584913,365134.46383181436,382349.0443248572,369021.115543125
2013-04-15,338712.458055,0,76251.0,88.75,0,0,15,4,2,2013,16,478417.148813,346649.815943,428816.447912,330283.80303,359330.0026788143,383514.0092432143,367770.3142538393
2013-04-16,333431.880049,0,74187.0,88.73,0,1,16,4,2,2013,16,338712.458055,306335.8019617,377732.827961,294020.245897,358196.0944091001,377078.00996771426,368071.3376475893
2013-04-17,334990.518942,0,74529.0,86.65,0,2,17,4,2,2013,16,333431.880049,312846.374941,373731.0758793,321207.006946,362066.9627072857,373913.65654542856,369478.89601016074
2013-04-18,281924.509951,0,68343.0,87.83,0,3,18,4,2,2013,16,334990.518942,303223.41301,308738.385963,269130.127953,365230.4118502857,371146.47390705004,369971.16429573216
2013-04-19,311588.70494,0,73119.0,88.04,0,4,19,4,2,2013,16,281924.509951,314394.967035,336394.782031,304100.453969,362187.7114132857,369231.19704905,370428.1065099464
2013-04-20,459884.838043,0,92014.0,88.04,0,5,20,4,2,2013,16,311588.70494,453442.497048,509424.214023,453192.003086,361786.81682828575,367459.33439969283,370695.544044625
2013-04-21,485721.032087,0,87401.0,88.04,1,6,21,4,2,2013,16,459884.838043,478417.148813,519048.376884,449794.636951,362707.1512561428,363920.8075439786,370934.57386451785
2013-04-22,328886.320986,0,75157.0,88.81,0,0,22,4,2,2013,17,485721.032087,338712.458055,346649.815943,317559.6099585,363750.5631524286,361540.2829156215,372217.6594050893
2013-04-23,302097.8329435,0,71657.0,89.21,0,1,23,4,2,2013,17,328886.320986,333431.880049,306335.8019617,275818.2359,362346.82928542857,360271.4618472643,372622.18479892856
2013-04-24,310555.184925,0,73003.0,91.07,0,2,24,4,2,2013,17,302097.8329435,334990.518942,312846.374941,313691.148998,357870.5368417857,359968.7497745357,373560.7418361964
2013-04-25,268790.618996,0,68917.0,93.27,0,3,25,4,2,2013,17,310555.184925,281924.509951,303223.41301,339293.269022,354379.7748393572,359805.0933448215,373448.7431193036
2013-04-26,304413.556952,0,72813.0,92.63,0,4,26,4,2,2013,17,268790.618996,311588.70494,314394.967035,345513.132,352503.5047029286,357345.60805810714,370930.7913326607
2013-04-27,446665.337895,0,89825.0,92.63,0,5,27,4,2,2013,17,304413.556952,459884.838043,453442.497048,452661.356036,351478.4835617858,356632.6501950357,369462.94936666073
2013-04-28,477623.4729303,0,86773.0,92.63,0,6,28,4,2,2013,17,446665.337895,485721.032087,478417.148813,462107.639956,349589.9835406429,356148.5673983929,369248.805861625
2013-04-29,328795.874018,0,72009.0,94.09,1,0,29,4,2,2013,18,477623.4729303,328886.320986,338712.458055,428816.447912,348433.1893754,356091.8762639143,369802.9427535643
2013-04-30,310186.466894,0,73513.0,93.22,0,1,30,4,2,2013,18,328795.874018,302097.8329435,333431.880049,377732.827961,348420.26837997144,355383.5488327,366230.77940020716
2013-05-01,507974.636889,0,90548.0,90.74,1,2,1,5,2,2013,18,310186.466894,310555.184925,334990.518942,373731.0758793,349575.78751575714,353723.16217877145,363818.4093621
2013-05-02,348709.460063,0,73639.0,93.7,0,3,2,5,2,2013,18,507974.636889,268790.618996,281924.509951,308738.385963,377778.5663677571,366079.17060355714,368612.82225530356
2013-05-03,374291.2510323,0,76685.0,95.25,0,4,3,5,2,2013,18,348709.460063,304413.556952,311588.70494,336394.782031,389195.5436630429,370849.5241829857,370040.3606160179
2013-05-04,520339.51596499997,0,96689.0,95.25,0,5,4,5,2,2013,18,374291.2510323,446665.337895,459884.838043,509424.214023,399178.0713888,375328.27747529285,371393.8059374928
2013-05-05,580268.550981,0,95212.0,95.25,0,6,5,5,2,2013,18,520339.51596499997,477623.4729303,485721.032087,519048.376884,409702.9539702286,379646.4687554357,371783.6381497071
2013-05-06,369869.383046,0,76383.0,95.8,0,0,6,5,2,2013,19,580268.550981,328795.874018,328886.320986,346649.815943,424366.53654889995,386399.86296214996,373970.07293888566
2013-05-07,317292.964148,0,72563.0,95.28,0,1,7,5,2,2013,19,369869.383046,310186.466894,302097.8329435,306335.8019617,430234.18069575715,389327.22453786427,374799.3431925643
2013-05-08,332477.410968,0,74802.0,96.24,0,2,8,5,2,2013,19,317292.964148,507974.636889,310555.184925,312846.374941,431249.3945891857,390412.59105247137,375190.6704135036
2013-05-09,305868.0570225,0,75025.0,96.09,0,3,9,5,2,2013,19,332477.410968,348709.460063,268790.618996,303223.41301,406178.36231475713,391978.4643412571,375891.7788430393
2013-05-10,335937.441949,0,80282.0,95.81,0,4,10,5,2,2013,19,305868.0570225,374291.2510323,304413.556952,314394.967035,400058.1618804,394626.8527717214,375986.2304149143
2013-05-11,512090.58108,0,111484.0,95.81,1,5,11,5,2,2013,19,335937.441949,520339.51596499997,446665.337895,453442.497048,394579.04629707144,396878.5588429357,376755.6045189857
2013-05-12,387860.5050145,0,89790.0,95.81,1,6,12,5,2,2013,19,512090.58108,580268.550981,477623.4729303,478417.148813,393400.6270277857,401551.79049900715,378850.17894869996
2013-05-13,350598.06187,0,75625.0,94.76,0,0,13,5,2,2013,20,387860.5050145,369869.383046,328795.874018,338712.458055,365913.76331828575,395140.1499335928,375616.0130987536
2013-05-14,308469.313119,0,71589.0,93.96,0,1,14,5,2,2013,20,350598.06187,317292.964148,310186.466894,333431.880049,363160.71743599995,396697.4490658786,376040.4989492893
2013-05-15,329113.560081,0,74401.0,93.95,0,2,15,5,2,2013,20,308469.313119,332477.410968,507974.636889,334990.518942,361900.19586042856,396574.79522480717,375148.9787017893
2013-05-16,307556.946937,0,71287.0,94.85,0,3,16,5,2,2013,20,329113.560081,305868.0570225,348709.460063,281924.509951,361419.6457337142,383799.00402423565,374939.0873138964
2013-05-17,330004.241998,0,74705.0,95.72,0,4,17,5,2,2013,20,307556.946937,335937.441949,374291.2510323,311588.70494,361660.9157215,380859.53880095,375854.53149196785
2013-05-18,480969.558942,0,91973.0,95.72,0,5,18,5,2,2013,20,330004.241998,512090.58108,520339.51596499997,459884.838043,360813.31572849996,377696.1810127857,376512.2292440393
2013-05-19,518153.554009,0,89031.0,95.72,0,6,19,5,2,2013,20,480969.558942,387860.5050145,580268.550981,485721.032087,356367.45542307146,374884.0412254286,377265.2549904321
2013-05-20,341787.214991,0,74613.0,96.29,0,0,20,5,2,2013,21,518153.554009,350598.06187,369869.383046,328886.320986,374980.74813657143,370447.2557274286,378423.5593447893
2013-05-21,307178.399952,0,70601.0,95.55,0,1,21,5,2,2013,21,341787.214991,308469.313119,317292.964148,302097.8329435,373722.0557252857,368441.38658064284,378884.3055592536
2013-05-22,301785.4831075,0,71763.0,93.98,0,2,22,5,2,2013,21,307178.399952,329113.560081,332477.410968,310555.184925,373537.63955857145,367718.9177095,379065.75438098575
2013-05-23,289261.058026,0,70843.0,94.12,0,3,23,5,2,2013,21,301785.4831075,307556.946937,305868.0570225,268790.618996,369633.62856235716,365526.6371480357,378752.5507446464
2013-05-24,398389.241982,0,78945.0,93.84,1,4,24,5,2,2013,21,289261.058026,330004.241998,335937.441949,304413.556952,367019.93014649994,364340.422934,379483.6378528607
2013-05-25,417930.141993,0,85230.0,93.84,0,5,25,5,2,2013,21,398389.241982,480969.558942,512090.58108,446665.337895,376789.21585850004,368801.2657935,382839.91231821786
2013-05-26,450631.400068,0,81869.0,93.84,0,6,26,5,2,2013,21,417930.141993,518153.554009,387860.5050145,477623.4729303,367783.58486578567,362075.52014442853,381813.65532171784
2013-05-27,321630.8309235,0,72144.0,93.84,0,0,27,5,2,2013,22,450631.400068,341787.214991,350598.06187,328795.874018,358137.56287421426,366559.1555053928,380849.6527194929
2013-05-28,307329.1680565,0,71801.0,94.65,0,1,28,5,2,2013,22,321630.8309235,307178.399952,308469.313119,310186.466894,355258.07943599997,364490.0675806428,380593.7583232607
2013-05-29,309333.380899,0,73970.0,93.13,0,2,29,5,2,2013,22,307329.1680565,301785.4831075,329113.560081,507974.636889,355279.61773664283,364408.62864760717,380491.7119362071
2013-05-30,304344.849939,0,77052.0,93.57,0,3,30,5,2,2013,22,309333.380899,289261.058026,307556.946937,348709.460063,356357.8888497143,362995.75870603573,373397.3813651357
2013-05-31,330257.841975,0,76921.0,91.93,0,4,31,5,2,2013,22,304344.849939,398389.241982,330004.241998,374291.2510323,358512.7162658571,362766.32320617855,371812.9310035643
2013-06-01,566901.814988,0,101740.0,91.93,0,5,1,6,2,2013,22,330257.841975,417930.141993,480969.558942,520339.51596499997,348779.659122,362784.43749025,370240.3092515179
2013-06-02,637698.494958,0,98018.0,91.93,0,6,2,6,2,2013,22,566901.814988,450631.400068,518153.554009,580268.550981,370061.3266927143,368922.4557792501,371903.2485023393
2013-06-03,426332.097995,0,80648.0,93.41,0,0,3,6,2,2013,23,637698.494958,321630.8309235,341787.214991,369869.383046,396785.1973912857,377461.38013274997,373954.3179300893
2013-06-04,369705.160085,0,76213.0,93.36,0,1,4,6,2,2013,23,426332.097995,307329.1680565,307178.399952,317292.964148,411742.5212586429,383500.3003473215,375970.8434639821
2013-06-05,361791.080915,0,77605.0,93.66,0,2,5,6,2,2013,23,369705.160085,309333.380899,301785.4831075,332477.410968,420653.37726271426,387966.4974996786,377842.7076045893
2013-06-06,317496.765891,0,72282.0,94.71,0,3,6,6,2,2013,23,361791.080915,304344.849939,289261.058026,305868.0570225,428147.33440785715,392252.61162878573,378889.6243884107
2013-06-07,357673.087977,0,79014.0,96.11,0,4,7,6,2,2013,23,317496.765891,330257.841975,398389.241982,335937.441949,430026.1795438571,394269.44790485705,379304.93541942857
2013-06-08,466292.699096,0,89783.0,96.11,0,5,8,6,2,2013,23,357673.087977,566901.814988,417930.141993,512090.58108,433942.64325842855,391361.15119021427,380081.2084918571
2013-06-09,526804.730256,0,89751.0,96.11,0,6,9,6,2,2013,23,466292.699096,637698.494958,450631.400068,387860.5050145,419569.9124167143,394815.6195547143,378445.5698495715
2013-06-10,349754.291978,0,74546.0,95.82,0,0,10,6,2,2013,24,526804.730256,426332.097995,321630.8309235,350598.06187,403727.94603071426,400256.57171100006,383407.8636081964
2013-06-11,283858.2159925,0,68636.0,95.5,0,1,11,6,2,2013,24,349754.291978,369705.160085,307329.1680565,308469.313119,392788.2594568571,402265.39035775,383377.7289691964
2013-06-12,320173.5779987,0,73386.0,95.98,0,2,12,6,2,2013,24,283858.2159925,361791.080915,309333.380899,329113.560081,380524.41030078573,400588.89378175,382498.7612146786
2013-06-13,282886.9200452,0,69703.0,96.66,0,3,13,6,2,2013,24,320173.5779987,317496.765891,304344.849939,307556.946937,374579.0527413143,401363.19357458566,382179.4761403107
2013-06-14,326956.74210719997,0,76434.0,97.83,0,4,14,6,2,2013,24,282886.9200452,357673.087977,330257.841975,330004.241998,369634.7890490572,399830.4842964571,381298.4037513179
2013-06-15,505950.6668701,0,102541.0,97.83,0,5,15,6,2,2013,24,326956.74210719997,466292.699096,566901.814988,480969.558942,365246.7396390857,399594.69144875713,381189.5644695036
2013-06-16,435894.082881,0,87839.0,97.83,0,6,16,6,2,2013,24,505950.6668701,526804.730256,637698.494958,518153.554009,370912.1636068143,395241.03801176423,382081.74689550715
2013-06-17,370944.271024,0,76236.0,97.86,0,0,17,6,2,2013,25,435894.082881,349754.291978,426332.097995,341787.214991,357924.9282675286,380826.4371491215,379143.9086409357
2013-06-18,320885.3399215,0,73179.0,98.46,0,1,18,6,2,2013,25,370944.271024,283858.2159925,369705.160085,307178.399952,360952.0681312428,376870.16379405,380185.2320706857
2013-06-19,319235.25797700003,0,68613.0,98.24,0,2,19,6,2,2013,25,320885.3399215,320173.5779987,361791.080915,301785.4831075,366241.65726395714,373383.03378237144,380674.765641025
2013-06-20,293877.944015,0,69984.0,94.89,0,3,20,6,2,2013,25,319235.25797700003,282886.9200452,317496.765891,289261.058026,366107.6115465714,370343.3321439429,381297.9718863643
2013-06-21,319722.6870265,0,73717.0,93.81,0,4,21,6,2,2013,25,293877.944015,326956.74210719997,357673.087977,398389.241982,367677.7578279714,368656.2734385143,381462.8606716857
2013-06-22,446347.312096,0,88681.0,93.81,0,5,22,6,2,2013,25,319722.6870265,505950.6668701,466292.699096,417930.141993,366644.32138787146,365945.53051347856,378653.34085184644
2013-06-23,504964.845142,0,86152.0,93.81,1,6,23,6,2,2013,25,446347.312096,435894.082881,526804.730256,450631.400068,358129.5564201429,364520.86001347855,379668.2397840964
2013-06-24,336631.9640383,0,73403.0,95.07,0,0,24,6,2,2013,26,504964.845142,370944.271024,349754.291978,321630.8309235,367996.8081717143,362960.8682196214,381608.7199653107
2013-06-25,305119.530064,0,70549.0,95.25,1,1,25,6,2,2013,26,336631.9640383,320885.3399215,283858.2159925,307329.1680565,363095.05003090005,362023.55908107146,382144.4747194107
2013-06-26,301847.2489636,0,71009.0,95.47,0,2,26,6,2,2013,26,305119.530064,319235.25797700003,320173.5779987,309333.380899,360842.7914798286,363542.22437189287,382065.55907682143
2013-06-27,266525.458966,0,67340.0,97.0,0,3,27,6,2,2013,26,301847.2489636,293877.944015,282886.9200452,304344.849939,358358.7901922,362233.20086938574,381798.19722198567
2013-06-28,324210.971803,0,74172.0,96.36,0,4,28,6,2,2013,26,266525.458966,319722.6870265,326956.74210719997,330257.841975,354451.29232805717,361064.52507801435,380447.5046872357
2013-06-29,509379.108146,0,93531.0,96.36,0,5,29,6,2,2013,26,324210.971803,446347.312096,505950.6668701,566901.814988,355092.47586755716,360868.39862771425,380231.5450382357
2013-06-30,533481.693027,0,87501.0,96.36,0,6,30,6,2,2013,26,509379.108146,504964.845142,435894.082881,637698.494958,364097.0181604143,361113.28729027865,378177.16265102144
2013-07-01,441758.3880965,0,81850.0,97.94,0,0,1,7,3,2013,27,533481.693027,336631.9640383,370944.271024,426332.097995,368170.85357255716,368083.8308721357,374455.1340106285
2013-07-02,390958.38408,0,79187.0,99.65,0,1,2,7,3,2013,27,441758.3880965,305119.530064,320885.3399215,369705.160085,383188.9141523,373141.9820916,375006.072942825
2013-07-03,374551.917949,0,78437.0,101.92,1,2,3,7,3,2013,27,390958.38408,301847.2489636,319235.25797700003,361791.080915,395451.60758315714,378147.19953149284,375765.1166569321
2013-07-04,327020.179028,0,75664.0,101.92,0,3,4,7,3,2013,27,374551.917949,266525.458966,293877.944015,317496.765891,405837.98886678566,382098.3895294928,376220.8608367178
2013-07-05,351401.500074,0,77710.0,103.09,0,4,5,7,3,2013,27,327020.179028,324210.971803,319722.6870265,357673.087977,414480.0917327857,384465.6920304214,376560.9827344679
2013-07-06,479514.493924,0,92132.0,103.09,0,5,6,7,3,2013,27,351401.500074,509379.108146,446347.312096,466292.699096,418364.4529143572,386728.46439095715,376336.9974522179
2013-07-07,500606.073078,0,87219.0,103.09,0,6,7,7,3,2013,27,479514.493924,533481.693027,504964.845142,526804.730256,414098.0794540714,389097.5488072429,376809.20441036066
2013-07-08,365452.995017,0,77464.0,103.03,0,0,8,7,3,2013,28,500606.073078,441758.3880965,336631.9640383,349754.291978,409401.5623185,388786.20794552856,375873.538082575
2013-07-09,317279.1449993,0,73041.0,103.46,0,1,9,7,3,2013,28,365452.995017,390958.38408,305119.530064,283858.2159925,398500.7918785714,390844.85301543574,376434.2060482536
2013-07-10,314134.886071,0,73319.0,106.41,0,2,10,7,3,2013,28,317279.1449993,374551.917949,301847.2489636,320173.5779987,387975.1862956143,391713.3969393857,377627.81065563933
2013-07-11,281750.931023,0,68662.0,104.77,0,3,11,7,3,2013,28,314134.886071,327020.179028,266525.458966,282886.9200452,379344.1817416143,392591.0853042,377412.14308679284
2013-07-12,308786.438133,0,73261.0,105.85,0,4,12,7,3,2013,28,281750.931023,351401.500074,324210.971803,326956.74210719997,372877.1463123286,393678.6190225571,377371.5720502857
2013-07-13,432569.1022205,0,88063.0,105.85,0,5,13,7,3,2013,28,308786.438133,479514.493924,509379.108146,505950.6668701,366789.2803207571,392576.8666175571,376722.63262263575
2013-07-14,438722.417857,0,81622.0,105.85,0,6,14,7,3,2013,28,432569.1022205,500606.073078,533481.693027,435894.082881,360082.7957916857,387090.4376228786,374101.8624565786
2013-07-15,348803.0469486,0,76717.0,106.2,0,0,15,7,3,2013,29,438722.417857,365452.995017,441758.3880965,370944.271024,351242.2736172572,380321.9179678786,374202.87442000717
2013-07-16,335516.229006,0,75755.0,105.88,0,1,16,7,3,2013,29,348803.0469486,317279.1449993,390958.38408,320885.3399215,348863.7096074857,373682.2507430286,373412.1164173143
2013-07-17,324313.8180255,0,73859.0,106.39,0,2,17,7,3,2013,29,335516.229006,314134.886071,374551.917949,319235.25797700003,351469.0073227286,369722.0968091715,373934.6481703321
2013-07-18,287074.8739522,0,69399.0,107.94,0,3,18,7,3,2013,29,324313.8180255,281750.931023,327020.179028,293877.944015,352923.14045908576,366133.66110035,374116.02531492145
2013-07-19,313332.555049,0,73231.0,108.0,0,4,19,7,3,2013,29,287074.8739522,308786.438133,351401.500074,319722.6870265,353683.70373468567,363280.42502350715,373873.0585269643
2013-07-20,435497.731013,0,87653.0,108.0,0,5,20,7,3,2013,29,313332.555049,432569.1022205,479514.493924,446347.312096,354333.1490084,360561.21466457855,373644.8395277679
2013-07-21,437952.624049,0,80799.0,108.0,0,6,21,7,3,2013,29,435497.731013,438722.417857,500606.073078,504964.845142,354751.5245501857,357417.1601709357,373257.3544890893
2013-07-22,342802.29905,0,75771.0,106.61,0,0,22,7,3,2013,30,437952.624049,348803.0469486,365452.995017,336631.9640383,354641.55400618573,352941.91381172143,370864.060878625
2013-07-23,316257.463107,0,73650.0,107.13,1,1,23,7,3,2013,30,342802.29905,335516.229006,317279.1449993,305119.530064,353784.30430638563,351324.00695693574,371084.42998618574
2013-07-24,309243.7899995,0,72876.0,105.41,1,2,24,7,3,2013,30,316257.463107,324313.8180255,314134.886071,301847.2489636,351033.05203509994,351251.0296789143,371482.21330915
2013-07-25,298074.2249247,0,70760.0,105.47,1,3,25,7,3,2013,30,309243.7899995,287074.8739522,281750.931023,266525.458966,348880.19088852854,350901.66567380715,371746.37548900355
2013-07-26,318745.692921,0,74270.0,104.76,0,4,26,7,3,2013,30,298074.2249247,313332.555049,308786.438133,324210.971803,350451.5267417429,352067.6152382143,372873.1171303857
2013-07-27,423890.5020012,0,86632.0,104.76,0,5,27,7,3,2013,30,318745.692921,435497.731013,432569.1022205,509379.108146,351224.83215202857,352778.99058021425,372677.9285988857
2013-07-28,433358.6520873,0,79729.0,104.76,0,6,28,7,3,2013,30,423890.5020012,437952.624049,438722.417857,533481.693027,349566.65657891426,352159.09056454996,369624.7640937143
2013-07-29,331493.2850525,0,72911.0,104.61,0,0,29,7,3,2013,31,433358.6520873,342802.29905,348803.0469486,441758.3880965,348910.3748701,351775.96443814284,366048.94120301073
2013-07-30,318553.989932,0,72512.0,103.14,0,1,30,7,3,2013,31,331493.2850525,316257.463107,335516.229006,390958.38408,347294.8014418857,350539.5528741357,362110.9018085822
2013-07-31,357982.979012,0,77813.0,105.1,0,2,31,7,3,2013,31,318553.989932,309243.7899995,324313.8180255,374551.917949,347622.8767026,349327.96436885,359525.0305890107
2013-08-01,397555.3181021,0,78740.0,107.93,0,3,1,8,3,2013,31,357982.979012,298074.2249247,287074.8739522,327020.179028,354585.6179901,351732.90443931427,358933.2827698322
2013-08-02,393831.120007,0,79127.0,106.94,0,4,2,8,3,2013,31,397555.3181021,318745.692921,313332.555049,351401.500074,368797.2027297286,359624.3647357357,361452.3948796214
2013-08-03,516956.846013,0,93926.0,106.94,0,5,3,8,3,2013,31,393831.120007,423890.5020012,435497.731013,479514.493924,379523.6923134429,365374.2622327357,362967.73844865715
2013-08-04,514267.27594,0,86805.0,106.94,0,6,4,8,3,2013,31,516956.846013,433358.6520873,437952.624049,500606.073078,392818.88431512855,371192.7704470214,364304.96530897863
2013-08-05,407033.810946,0,82080.0,106.61,1,0,5,8,3,2013,32,514267.27594,331493.2850525,342802.29905,365452.995017,404377.2591512286,376643.81701066426,364792.8654111928
2013-08-06,357263.854086,0,77927.0,105.32,0,1,6,8,3,2013,32,407033.810946,318553.989932,316257.463107,317279.1449993,415168.7628503,381231.78214609285,366277.8945515143
2013-08-07,351302.132003,0,77426.0,104.41,0,2,7,8,3,2013,32,357263.854086,357982.979012,309243.7899995,314134.886071,420698.7434437286,384160.8100731643,367705.9198760392
2013-08-08,310953.0239315,0,72592.0,103.45,0,3,8,8,3,2013,32,351302.132003,397555.3181021,298074.2249247,281750.931023,419744.3367281571,387164.9773591286,369033.32151646784
2013-08-09,337521.667868,0,77361.0,106.04,0,4,9,8,3,2013,32,310953.0239315,393831.120007,318745.692921,308786.438133,407372.5804180714,388084.89157389995,370076.25340605713
2013-08-10,434184.94409,0,85444.0,106.04,1,5,10,8,3,2013,32,337521.667868,516956.846013,423890.5020012,432569.1022205,399328.3729696428,389426.0326415429,371102.5116108786
2013-08-11,434720.3230013,0,80268.0,106.04,0,6,11,8,3,2013,32,434184.94409,514267.27594,433358.6520873,438722.417857,387503.8155520715,390161.3499336,371160.220249075
2013-08-12,349539.224033,0,76317.0,106.19,0,0,12,8,3,2013,33,434720.3230013,407033.810946,331493.2850525,348803.0469486,376139.96513225714,390258.61214174284,371017.28828994284
2013-08-13,317103.331061,0,74660.0,106.78,0,1,13,8,3,2013,33,349539.224033,357263.854086,318553.989932,335516.229006,367926.4527161143,391547.60778320715,371043.58032867144
2013-08-14,324377.386893,0,74211.0,106.89,0,2,14,8,3,2013,33,317103.331061,351302.132003,357982.979012,324313.8180255,362189.2351411143,391443.9892924214,370385.97683063574
2013-08-15,311043.17291,0,74220.0,107.43,1,3,15,8,3,2013,33,324377.386893,310953.0239315,397555.3181021,287074.8739522,358342.8429825428,389043.58985535003,370388.24714733206
2013-08-16,364487.3218839,0,79668.0,107.58,0,4,16,8,3,2013,33,311043.17291,337521.667868,393831.120007,313332.555049,358355.72140804294,382864.1509130572,371244.2578243964
2013-08-17,448835.3109167,0,88888.0,107.58,0,5,17,8,3,2013,33,364487.3218839,434184.94409,516956.846013,435497.731013,362207.9576960285,380768.16533283575,373071.21378278575
2013-08-18,464053.7730675,0,83247.0,107.58,0,6,18,8,3,2013,33,448835.3109167,434720.3230013,514267.27594,437952.624049,364300.86724269995,375902.3413973857,373547.5559222036
2013-08-19,362085.52696,0,77100.0,107.14,0,0,19,8,3,2013,34,464053.7730675,349539.224033,407033.810946,342802.29905,368491.36010929995,372315.6626207786,374479.7398157214
2013-08-20,343046.11398,0,76629.0,104.9,0,1,20,8,3,2013,34,362085.52696,317103.331061,357263.854086,316257.463107,370283.68909887143,369105.07090749283,375168.4265267929
2013-08-21,335724.643932,0,76613.0,103.93,0,2,21,8,3,2013,34,343046.11398,324377.386893,351302.132003,309243.7899995,373989.80094444286,368089.51804277854,376125.16405797144
2013-08-22,306473.26098,0,71220.0,104.93,0,3,22,8,3,2013,34,335724.643932,311043.17291,310953.0239315,298074.2249247,375610.8376643,366976.84032342146,377070.908841275
2013-08-23,331906.369098,0,75844.0,106.48,0,4,23,8,3,2013,34,306473.26098,364487.3218839,337521.667868,318745.692921,374957.99310287146,366656.85725545714,377370.8744146786
2013-08-24,420576.154994,0,87502.0,106.48,1,5,24,8,3,2013,34,331906.369098,448835.3109167,434184.94409,423890.5020012,370303.57127631427,366255.7644861714,377840.8985638572
2013-08-25,443694.093754,0,82558.0,106.48,0,6,25,8,3,2013,34,420576.154994,464053.7730675,434720.3230013,433358.6520873,366266.5490016429,365283.70812217146,377722.5290278857
2013-08-26,347159.6410143,0,76173.0,105.88,0,0,26,8,3,2013,35,443694.093754,362085.52696,349539.224033,331493.2850525,363358.02338542853,365924.6917473643,378091.65194455354
2013-08-27,319688.2190185,0,73568.0,109.11,0,1,27,8,3,2013,35,347159.6410143,343046.11398,317103.331061,318553.989932,361225.75396461424,365754.72153174283,378651.16465747496
2013-08-28,319322.060993,0,74979.0,110.17,0,2,28,8,3,2013,35,319688.2190185,335724.643932,324377.386893,357982.979012,357888.9118272571,365939.35638585,378691.67283913575
2013-08-29,294518.685943,0,71897.0,108.51,0,3,29,8,3,2013,35,319322.060993,306473.26098,311043.17291,397555.3181021,355545.68569311424,365578.26167870715,377310.9257670286
2013-08-30,354932.930947,0,77749.0,107.98,0,4,30,8,3,2013,35,294518.685943,331906.369098,364487.3218839,393831.120007,353837.88925925706,364397.94118106423,373631.04604706075
2013-08-31,523631.3811059,0,96400.0,107.98,0,5,31,8,3,2013,35,354932.930947,420576.154994,448835.3109167,516956.846013,357127.3980948286,363715.4846855714,372241.8250092035
2013-09-01,640406.221875,0,95871.0,107.98,0,6,1,9,3,2013,35,523631.3811059,443694.093754,464053.7730675,514267.27594,371849.57325367146,369058.0611276571,372480.20126252144
2013-09-02,458792.960966,0,84388.0,107.98,0,0,2,9,3,2013,36,640406.221875,347159.6410143,362085.52696,407033.810946,399951.30584238574,381654.6646139071,376985.1636173428
2013-09-03,397680.420032,0,79834.0,108.67,0,1,3,9,3,2013,36,458792.960966,319688.2190185,343046.11398,357263.854086,415898.9229783429,388562.3384714786,378833.70468948566
2013-09-04,392565.48591,0,80360.0,107.29,0,2,4,9,3,2013,36,397680.420032,319322.060993,335724.643932,351302.132003,427040.6659802714,392464.78890376433,380277.15347327146
2013-09-05,330622.779063,0,74704.0,108.5,0,3,5,9,3,2013,36,392565.48591,294518.685943,306473.26098,310953.0239315,437504.0123969857,396524.84904505,381750.84468423575
2013-09-06,335442.247929,0,74579.0,110.62,0,4,6,9,3,2013,36,330622.779063,354932.930947,331906.369098,337521.667868,442661.73998555716,398249.81462240714,382453.3359389321
2013-09-07,518584.247,0,95846.0,110.62,0,5,7,9,3,2013,36,335442.247929,523631.3811059,420576.154994,434184.94409,439877.3566972714,398502.37739604997,382379.07094111067
2013-09-08,560852.005091,0,94015.0,110.62,0,6,8,9,3,2013,36,518584.247,640406.221875,443694.093754,434720.3230013,439156.3375392857,405502.95539647853,385393.33175932505
2013-09-09,377151.7070027,0,77169.0,109.62,0,0,9,9,3,2013,37,560852.005091,458792.960966,347159.6410143,349539.224033,427791.44942728576,413871.3776348357,389898.0346911
2013-09-10,308074.4658225,0,72483.0,107.48,0,1,10,9,3,2013,37,377151.7070027,397680.420032,319688.2190185,317103.331061,416128.4131468143,416013.6680625786,390884.1947971607
2013-09-11,323124.61885,0,74287.0,107.65,0,2,11,9,3,2013,37,308074.4658225,392565.48591,319322.060993,324377.386893,403327.5625454572,415184.1142628643,390561.7353243571
2013-09-12,282855.730937,0,68478.0,108.72,0,3,12,9,3,2013,37,323124.61885,330622.779063,294518.685943,311043.17291,393407.4386797428,415455.72553836426,390516.99360853573
2013-09-13,319556.942029,0,73019.0,108.31,0,4,13,9,3,2013,37,282855.730937,335442.247929,354932.930947,364487.3218839,386583.57466174284,414622.65732365,389510.29925235716
2013-09-14,476364.004996,0,92336.0,108.31,0,5,14,9,3,2013,37,319556.942029,518584.247,523631.3811059,448835.3109167,384314.2452474572,412095.8009723643,387905.64282896783
2013-09-15,532852.959041,0,90410.0,108.31,0,6,15,9,3,2013,37,476364.004996,560852.005091,640406.221875,464053.7730675,378282.78210402856,408719.5598216572,388888.8104746571
2013-09-16,373229.840879,0,77189.0,106.54,0,0,16,9,3,2013,38,532852.959041,377151.7070027,458792.960966,362085.52696,374282.9183826,401037.18390494277,391345.924259425
2013-09-17,327282.949966,0,72907.0,105.36,0,1,17,9,3,2013,38,373229.840879,308074.4658225,397680.420032,343046.11398,373722.6517935,394925.5324701572,391743.9354708178
2013-09-18,315687.718926,0,72512.0,108.23,0,2,18,9,3,2013,38,327282.949966,323124.61885,392565.48591,335724.643932,376466.7209568572,389897.1417511571,391180.9653274607
2013-09-19,279580.372008,0,67209.0,106.26,0,3,19,9,3,2013,38,315687.718926,282855.730937,330622.779063,306473.26098,375404.306682,384405.8726808714,390465.3608629607
2013-09-20,331846.9039701,0,74285.0,104.7,0,4,20,9,3,2013,38,279580.372008,319556.942029,335442.247929,331906.369098,374936.39826357143,380759.98646265717,389504.90054253215
2013-09-21,468298.380896,0,91544.0,104.7,0,5,21,9,3,2013,38,331846.9039701,476364.004996,518584.247,420576.154994,376692.10711230006,380503.17617987853,389502.7767879643
2013-09-22,502068.7019007,0,87513.0,104.7,0,6,22,9,3,2013,38,468298.380896,532852.959041,560852.005091,443694.093754,375539.87509801425,376911.32860102144,391207.14199875004
2013-09-23,356043.0340047,0,75213.0,103.62,0,0,23,9,3,2013,39,502068.7019007,373229.840879,377151.7070027,347159.6410143,371142.12407797144,372712.5212302857,393291.94943256077
2013-09-24,303333.392926,0,70348.0,103.22,0,1,24,9,3,2013,39,356043.0340047,327282.949966,308074.4658225,319688.2190185,368686.8659530714,371204.7588732857,393609.2134679322
2013-09-25,312490.104996,0,71613.0,102.68,0,2,25,9,3,2013,39,303333.392926,315687.718926,323124.61885,319322.060993,365265.5006616428,370866.1108092501,393025.1125360572
2013-09-26,273057.8798588,0,66914.0,103.1,0,3,26,9,3,2013,39,312490.104996,279580.372008,282855.730937,294518.685943,364808.6986716428,370106.50267682143,392781.11410759285
2013-09-27,320246.574024,0,72409.0,102.86,0,4,27,9,3,2013,39,273057.8798588,331846.9039701,319556.942029,354932.930947,363876.9140789,369406.6561712357,392014.6567474428
2013-09-28,484903.6890081,0,91304.0,102.86,1,5,28,9,3,2013,39,320246.574024,468298.380896,476364.004996,523631.3811059,362219.72408659995,369455.91559945,390775.8582859072
2013-09-29,522868.441946,0,87268.0,102.86,0,6,29,9,3,2013,39,484903.6890081,502068.7019007,532852.959041,640406.221875,364591.9109597571,370065.8930288857,389392.7264252714
2013-09-30,367068.4500143,0,74455.0,102.36,0,0,30,9,3,2013,40,522868.441946,356043.0340047,373229.840879,458792.960966,367563.3023948,369352.71323638567,385194.94857066433
2013-10-01,436441.034076,0,80690.0,102.09,0,1,1,10,4,2013,40,367068.4500143,303333.392926,327282.949966,397680.420032,369138.36182474287,368912.61388890713,381919.0731795322
2013-10-02,414455.6550375,0,80520.0,104.15,0,2,2,10,4,2013,40,436441.034076,312490.104996,315687.718926,392565.48591,388153.7391318857,376709.61989676434,383303.3808239607
2013-10-03,348933.24703,0,73793.0,103.29,0,3,3,10,4,2013,40,414455.6550375,273057.8798588,279580.372008,330622.779063,402720.24628067145,383764.4724761572,384085.17257851426
2013-10-04,378109.978059,0,78169.0,103.83,0,4,4,10,4,2013,40,348933.24703,320246.574024,331846.9039701,335442.247929,413559.5844479857,388718.2492634429,384739.11786305
2013-10-05,540156.625057,0,97345.0,103.83,0,5,5,10,4,2013,40,378109.978059,484903.6890081,468298.380896,518584.247,421825.7850244143,392022.75455550716,386262.96536769293
2013-10-06,553031.424016,0,91143.0,103.83,0,6,6,10,4,2013,40,540156.625057,522868.441946,502068.7019007,560852.005091,429719.0616028286,397155.48628129286,387033.4074411571
2013-10-07,373387.109043,0,77290.0,103.07,1,0,7,10,4,2013,41,553031.424016,367068.4500143,356043.0340047,377151.7070027,434028.0590414,400795.6807181,386754.1009741929
2013-10-08,326726.7240121,0,73728.0,103.54,0,1,8,10,4,2013,41,373387.109043,436441.034076,303333.392926,308074.4658225,434930.72461692855,402034.5432208357,386619.65104706073
2013-10-09,322529.418957,0,73206.0,101.63,0,2,9,10,4,2013,41,326726.7240121,414455.6550375,312490.104996,323124.61885,419257.25175065716,403705.4954412714,387285.80312526075
2013-10-10,305047.0980576,0,71249.0,103.08,0,3,10,10,4,2013,41,322529.418957,348933.24703,273057.8798588,282855.730937,406124.93231058575,404422.58929562854,387264.545986225
2013-10-11,402913.849028,0,80838.0,102.17,1,4,11,10,4,2013,41,305047.0980576,378109.978059,320246.574024,319556.942029,399855.4824573857,406707.53345268575,388057.0948119607
2013-10-12,426379.6909939,0,85003.0,102.17,0,5,12,10,4,2013,41,402913.849028,540156.625057,484903.6890081,476364.004996,403398.89259581425,412612.33881011425,391034.1272047822
2013-10-13,481781.2559686,0,83357.0,102.17,0,6,13,10,4,2013,41,426379.6909939,553031.424016,522868.441946,532852.959041,387145.0448725143,408432.05323767144,389248.9731332786
2013-10-14,342694.7209944,0,72589.0,102.46,0,0,14,10,4,2013,42,481781.2559686,373387.109043,367068.4500143,373229.840879,376966.4494371714,405497.2542392857,387424.9837378357
2013-10-15,305242.569986,0,71021.0,101.15,0,1,15,10,4,2013,42,342694.7209944,326726.7240121,436441.034076,327282.949966,372581.8225730857,403756.27359500714,386334.4437419572
2013-10-16,355696.963943,0,73902.0,102.34,0,2,16,10,4,2013,42,305242.569986,322529.418957,414455.6550375,315687.718926,369512.6577122143,394384.9547314358,385547.2873141
2013-10-17,312949.412961,0,70806.0,100.72,0,3,17,10,4,2013,42,355696.963943,305047.0980576,348933.24703,279580.372008,374250.8784245,390187.9053675429,386976.18892185006
2013-10-18,323327.873107,0,71837.0,100.87,0,4,18,10,4,2013,42,312949.412961,402913.849028,378109.978059,331846.9039701,375379.78055355715,387617.6315054715,388167.94038445706
2013-10-19,488245.570001,0,93205.0,100.87,0,5,19,10,4,2013,42,323327.873107,426379.6909939,540156.625057,468298.380896,364010.3554219857,383704.6240089,387863.68928220356
2013-10-20,537713.5090483,0,91210.0,100.87,0,6,20,10,4,2013,42,488245.570001,481781.2559686,553031.424016,502068.7019007,372848.3381372857,379996.6915049,388576.0888930964
2013-10-21,348721.327971,0,74337.0,99.28,0,0,21,10,4,2013,43,537713.5090483,342694.7209944,373387.109043,356043.0340047,380838.6600058143,378902.55472149287,389849.1177197964
2013-10-22,301641.7850828,0,69581.0,97.63,0,1,22,10,4,2013,43,348721.327971,305242.569986,326726.7240121,303333.392926,381699.6038596143,377140.71321635,389587.6282185928
2013-10-23,323105.11598,0,71321.0,96.9,0,2,23,10,4,2013,43,301641.7850828,355696.963943,322529.418957,312490.104996,381185.20601629996,375348.93186425715,389527.2136527643
2013-10-24,276059.0800025,0,67609.0,96.65,0,3,24,10,4,2013,43,323105.11598,312949.412961,305047.0980576,273057.8798588,376529.22773587145,375390.0530801857,389906.3211879072
2013-10-25,317570.4260338,0,72010.0,97.4,0,4,25,10,4,2013,43,276059.0800025,323327.873107,402913.849028,320246.574024,371259.1801703714,373319.48036196426,390013.50690732506
2013-10-26,452902.363914,0,89451.0,97.4,0,5,26,10,4,2013,43,317570.4260338,488245.570001,426379.6909939,484903.6890081,370436.68773134286,367223.5215766643,389917.9301933893
2013-10-27,512891.4830689,0,86852.0,97.4,0,6,27,10,4,2013,43,452902.363914,537713.5090483,481781.2559686,522868.441946,365387.6582903429,369117.9982138142,388775.02572574286
2013-10-28,346941.91396,0,73374.0,98.74,0,0,28,10,4,2013,44,512891.4830689,348721.327971,342694.7209944,367068.4500143,361841.654579,371340.1572924071,388418.7057658465
2013-10-29,302332.9969864,0,69205.0,98.29,0,1,29,10,4,2013,44,346941.91396,301641.7850828,305242.569986,436441.034076,361587.45257742854,371643.52821852145,387699.90090676426
2013-10-30,319494.7050373,0,72246.0,96.81,0,2,30,10,4,2013,44,302332.9969864,323105.11598,355696.963943,414455.6550375,361686.1971350857,371435.7015756928,382910.32815356425
2013-10-31,298195.433106,0,71553.0,96.29,0,3,31,10,4,2013,44,319494.7050373,276059.0800025,312949.412961,348933.24703,361170.42414327146,368849.8259395714,379518.8656535571
2013-11-01,403637.232955,0,79385.0,94.56,0,4,1,11,4,2013,44,298195.433106,317570.4260338,323327.873107,378109.978059,364332.7603009143,367795.97023564286,377706.8008705572
2013-11-02,540615.555037,0,93949.0,94.56,1,5,2,11,4,2013,44,403637.232955,452902.363914,488245.570001,540156.625057,376628.0184325143,373532.35308192857,378618.48854541423
2013-11-03,602796.556029,0,91085.0,94.56,1,6,3,11,4,2013,44,540615.555037,512891.4830689,537713.5090483,553031.424016,389158.4743072285,377273.06629878574,378634.87890184287
2013-11-04,424314.167046,0,79630.0,94.58,0,0,4,11,4,2013,45,602796.556029,346941.91396,348721.327971,373387.109043,402002.05615867145,381921.85536883574,380412.2050451643
2013-11-05,393322.182909,0,76352.0,93.4,0,1,5,11,4,2013,45,424314.167046,302332.9969864,301641.7850828,326726.7240121,413055.2351709571,387321.34387419285,382231.02854527143
2013-11-06,386426.9788195,0,76148.0,94.74,1,2,6,11,4,2013,45,393322.182909,319494.7050373,323105.11598,322529.418957,426053.69030275714,393869.9437189214,384609.4377915893
2013-11-07,346293.3400477,0,70599.0,94.25,1,3,7,11,4,2013,45,386426.9788195,298195.433106,276059.0800025,305047.0980576,435615.4437002143,398392.9339217429,386891.49350096425
2013-11-08,358473.978049,0,74646.0,94.56,0,4,8,11,4,2013,45,346293.3400477,403637.232955,317570.4260338,402913.849028,442486.57326331426,403409.66678211425,388364.57357203925
2013-11-09,513850.32307,0,91367.0,94.56,0,5,9,11,4,2013,45,358473.978049,540615.555037,452902.363914,426379.6909939,436034.6797053143,406331.34906891425,386777.4353227893
2013-11-10,587666.490239,0,91689.0,94.56,1,6,10,11,4,2013,45,513850.32307,602796.556029,512891.4830689,481781.2559686,432211.0751386,410684.77472291427,389901.3864683643
2013-11-11,374087.890067,0,75194.0,95.13,1,0,11,11,4,2013,46,587666.490239,424314.167046,346941.91396,342694.7209944,430049.63716859993,416025.84666363575,393683.0019780214
2013-11-12,373277.748034,0,72225.0,93.12,1,1,12,11,4,2013,46,374087.890067,393322.182909,302332.9969864,305242.569986,422874.4547430286,417964.84495699283,394804.1865877571
2013-11-13,332279.2568851,0,71600.0,93.91,0,2,13,11,4,2013,46,373277.748034,386426.9788195,319494.7050373,355696.963943,420010.9640466,423032.32717467856,397234.0143751857
2013-11-14,284567.4029707,0,67268.0,93.76,0,3,14,11,4,2013,46,332279.2568851,346293.3400477,298195.433106,312949.412961,412275.5751988286,423945.5094495214,396397.6676945464
2013-11-15,349383.296052,0,74804.0,93.8,0,4,15,11,4,2013,46,284567.4029707,358473.978049,403637.232955,323327.873107,403457.5841878285,422972.0787255714,395384.0244806072
2013-11-16,524065.5881155,0,94069.0,93.8,0,5,16,11,4,2013,46,349383.296052,513850.32307,540615.555037,488245.570001,402158.91533111426,419096.79751821427,396314.5753000714
2013-11-17,579209.228924,0,90357.0,93.8,0,6,17,11,4,2013,46,524065.5881155,587666.490239,602796.556029,537713.5090483,403618.2389090429,417914.65702382143,397593.8616613035
2013-11-18,391945.551999,0,76133.0,93.03,0,0,18,11,4,2013,47,579209.228924,374087.890067,424314.167046,348721.327971,402410.05872118566,416229.8479448929,399075.8516568643
2013-11-19,329455.2710234,0,71496.0,93.35,0,1,19,11,4,2013,47,391945.551999,373277.748034,393322.182909,301641.7850828,404961.1532829,413917.8040129643,400619.5739435786
2013-11-20,354337.734795,0,74998.0,93.34,0,2,20,11,4,2013,47,329455.2710234,332279.2568851,386426.9788195,323105.11598,398700.79942424287,409355.8817354214,401612.91272717144
2013-11-21,298047.047965,0,69198.0,95.35,0,3,21,11,4,2013,47,354337.734795,284567.4029707,346293.3400477,276059.0800025,401852.0105542286,407063.7928765286,402728.3633991357
2013-11-22,340734.213038,0,73466.0,94.53,0,4,22,11,4,2013,47,298047.047965,349383.296052,358473.978049,317570.4260338,403777.6741248429,403617.6291563357,403513.647969225
2013-11-23,485544.298837,0,91187.0,94.53,0,5,23,11,4,2013,47,340734.213038,524065.5881155,513850.32307,452902.363914,402542.0908371286,402350.50308412145,404340.92607651785
2013-11-24,550925.293106,0,87771.0,94.53,0,6,24,11,4,2013,47,485544.298837,579209.228924,587666.490239,512891.4830689,397039.0495116286,400328.64421033574,405506.709466625
2013-11-25,365965.5090102,0,73966.0,93.86,0,0,25,11,4,2013,48,550925.293106,391945.551999,374087.890067,346941.91396,392998.4872519142,397704.27298654994,406865.05982509285
2013-11-26,323292.830024,0,70690.0,93.41,0,1,26,11,4,2013,48,365965.5090102,329455.2710234,373277.748034,302332.9969864,389287.0525392285,397124.1029110643,407544.4739340286
2013-11-27,337083.286026,0,71571.0,92.05,0,2,27,11,4,2013,48,323292.830024,354337.734795,332279.2568851,319494.7050373,388406.7038250286,393553.75162463577,408293.0393996571
2013-11-28,305982.981947,0,69896.0,92.05,0,3,28,11,4,2013,48,337083.286026,298047.047965,284567.4029707,298195.433106,385941.78257231426,393896.89656327147,408921.2030063965
2013-11-29,357000.404165,0,74816.0,92.55,0,4,29,11,4,2013,48,305982.981947,340734.213038,349383.296052,403637.232955,387075.4874268857,395426.5807758643,409199.3297507178
2013-11-30,541977.655801,0,94311.0,92.55,0,5,30,11,4,2013,48,357000.404165,485544.298837,524065.5881155,540615.555037,389399.22901645716,395970.6599267929,407533.7287225035
2013-12-01,698217.128989,0,96910.0,92.55,0,6,1,12,4,2013,48,541977.655801,550925.293106,579209.228924,602796.556029,397461.1371541714,397250.0933329,407582.37517836073
2013-12-02,495488.366984,0,82768.0,93.61,0,0,2,12,4,2013,49,698217.128989,365965.5090102,391945.551999,424314.167046,418502.8279946,405750.65762325714,410990.2527840749
2013-12-03,424438.046973,0,79820.0,95.83,0,1,3,12,4,2013,49,495488.366984,323292.830024,329455.2710234,393322.182909,437006.09341942857,413146.5729793286,413532.1884961464
2013-12-04,424147.0459855,0,80529.0,96.97,0,2,4,12,4,2013,49,424438.046973,337083.286026,354337.734795,386426.9788195,451455.4101264286,419931.05697572854,414643.469355575
2013-12-05,386406.804985,0,77466.0,97.14,1,3,5,12,4,2013,49,424147.0459855,305982.981947,298047.047965,346293.3400477,463893.09012064285,424917.4363464786,415990.6146115036
2013-12-06,432661.755068,0,80763.0,97.48,1,4,6,12,4,2013,49,386406.804985,357000.404165,340734.213038,358473.978049,475382.20769749995,431228.8475621929,417423.2383592643
2013-12-07,537181.319801,0,95160.0,97.48,0,5,7,12,4,2013,49,432661.755068,541977.655801,485544.298837,513850.32307,486190.9721122143,437795.10056433576,420072.80182422855
2013-12-08,588855.895921,0,92142.0,97.48,1,6,8,12,4,2013,49,537181.319801,698217.128989,550925.293106,587666.490239,485505.78125507146,441483.4592046215,420906.0517074786
2013-12-09,442309.3141075,0,80274.0,97.1,0,0,9,12,4,2013,50,588855.895921,495488.366984,365965.5090102,374087.890067,469882.74795964285,444192.7879771214,420948.53048183577
2013-12-10,414421.695986,0,79326.0,98.32,0,1,10,12,4,2013,50,442309.3141075,424438.046973,323292.830024,373277.748034,462285.74040585716,449645.91691264283,423385.00991185365
2013-12-11,422957.198908,0,82055.0,97.25,0,2,11,12,4,2013,50,414421.695986,424147.0459855,337083.286026,332279.2568851,460854.833122,456155.1216242142,424854.436624425
2013-12-12,384256.080979,0,80045.0,97.21,0,3,12,12,4,2013,50,422957.198908,386406.804985,305982.981947,284567.4029707,460684.85496807145,462288.9725443571,428092.9345538143
2013-12-13,434657.0129787,0,84558.0,96.27,0,4,13,12,4,2013,50,384256.080979,432661.755068,357000.404165,349383.296052,460377.6086815,467879.9081894999,431653.24448268214
2013-12-14,554911.917024,0,101340.0,96.27,0,5,14,12,4,2013,50,434657.0129787,537181.319801,541977.655801,524065.5881155,460662.64552588575,473426.80881904997,434698.73437292146
2013-12-15,642015.7758165,0,102239.0,96.27,0,6,15,12,4,2013,50,554911.917024,588855.895921,698217.128989,579209.228924,463195.5879863143,474350.68462069286,435800.3889767965
2013-12-16,516060.290853,0,92585.0,97.18,0,0,16,12,4,2013,51,642015.7758165,442309.3141075,495488.366984,391945.551999,470789.85654281423,470336.30225122854,438043.47993724287
2013-12-17,480470.71684249997,0,94103.0,96.99,0,1,17,12,4,2013,51,516060.290853,414421.695986,424438.046973,329455.2710234,481325.7103636,471805.7253847286,442476.14918202854
2013-12-18,527481.336925,0,102356.0,97.59,0,2,18,12,4,2013,51,480470.71684249997,422957.198908,424147.0459855,354337.734795,490761.28477167146,475808.05894683575,447869.55796128215
2013-12-19,507461.038187,0,109267.0,98.4,0,3,19,12,4,2013,51,527481.336925,384256.080979,386406.804985,298047.047965,505693.3044883857,483189.07972822856,454053.2580373536
2013-12-20,544104.2676365,0,106238.0,99.11,0,4,20,12,4,2013,51,507461.038187,434657.0129787,432661.755068,340734.213038,523294.0126609571,491835.81067122857,461532.32911671064
2013-12-21,685673.07474,0,121425.0,99.11,1,5,21,12,4,2013,51,544104.2676365,554911.917024,537181.319801,485544.298837,538929.3347549286,499795.99014040723,468795.5453523714
2013-12-22,696295.146867,0,118997.0,99.11,1,6,22,12,4,2013,51,685673.07474,642015.7758165,588855.895921,550925.293106,557609.5001429286,510402.5440646214,475943.0016346214
2013-12-23,792865.284427,0,145876.0,98.62,1,0,23,12,4,2013,52,696295.146867,516060.290853,442309.3141075,365965.5090102,565363.6960072857,518076.77627505,481134.7821260857
2013-12-24,620663.290732,0,155846.0,98.87,1,1,24,12,4,2013,52,792865.284427,480470.71684249997,414421.695986,323292.830024,604907.2665178571,543116.4884407286,496381.2026766857
2013-12-26,470731.1624137,0,96002.0,99.18,1,3,26,12,4,2013,52,620663.290732,527481.336925,422957.198908,337083.286026,624934.7770735,557848.0309225857,507001.5762734
2013-12-27,479314.968043,0,98330.0,99.94,0,4,27,12,4,2013,52,470731.1624137,507461.038187,384256.080979,305982.981947,616827.6092861714,561260.4568872786,511774.7147158179
2013-12-28,556952.3059789999,0,102858.0,99.94,0,5,28,12,4,2013,52,479314.968043,544104.2676365,434657.0129787,357000.404165,612806.7421227429,568050.37739185,517965.14279067505
2013-12-29,499719.5049237,0,88729.0,99.94,0,6,29,12,4,2013,52,556952.3059789999,685673.07474,554911.917024,541977.655801,614642.1761716714,576785.7554633,525106.282141175
2013-12-30,635134.7358515,0,117645.0,98.9,0,0,30,12,4,2013,1,499719.5049237,696295.146867,642015.7758165,698217.128989,588077.3804836286,572843.4403132786,523597.0624669857
2013-12-31,507264.6630475,0,117214.0,98.17,1,1,31,12,4,2013,1,635134.7358515,792865.284427,516060.290853,495488.366984,579340.1789099857,572351.9374586357,521344.1198549322
2014-01-01,8602.065404,0,1327.0,98.17,1,2,1,1,1,2014,1,507264.6630475,620663.290732,480470.71684249997,424438.046973,538540.0901414857,571723.6783296715,521764.7018572
2014-01-02,801011.226041,0,90716.0,95.14,0,3,2,1,1,2014,1,8602.065404,470731.1624137,527481.336925,424147.0459855,451102.7722374857,538018.7746554929,506913.4168011643
2014-01-03,680672.845603,0,84488.0,93.66,0,4,3,1,1,2014,1,801011.226041,479314.968043,507461.038187,386406.804985,498285.6384699571,557556.6238780643,520372.8518031464
2014-01-04,936628.8866039,0,101361.0,93.66,0,5,4,1,1,2014,1,680672.845603,556952.3059789999,544104.2676365,432661.755068,527051.0495499572,569928.8958363499,530882.3532537894
2014-01-05,949618.78894,0,93475.0,93.66,0,6,5,1,1,2014,1,936628.8866039,499719.5049237,685673.07474,537181.319801,581290.5610677999,597966.3686197357,548881.1793800715
2014-01-06,602268.564009,0,77784.0,93.12,0,0,6,1,1,2014,2,949618.78894,635134.7358515,696295.146867,588855.895921,645561.8873558429,616819.6339197357,563611.0889921786
2014-01-07,563450.5988595,0,75361.0,93.31,0,1,7,1,1,2014,2,602268.564009,507264.6630475,792865.284427,442309.3141075,640866.7199497714,610103.4494298786,564090.1128524642
2014-01-08,636176.853478,0,77204.0,91.9,0,2,8,1,1,2014,2,563450.5988595,8602.065404,620663.290732,414421.695986,648893.2822086286,593716.6861750571,568416.5873078929
2014-01-09,496377.933414,0,72575.0,91.36,0,3,9,1,1,2014,2,636176.853478,801011.226041,470731.1624137,422957.198908,738546.8233620572,594824.7977997714,576336.4143611786
2014-01-10,543055.329066,0,75302.0,92.39,0,4,10,1,1,2014,2,496377.933414,680672.845603,479314.968043,384256.080979,695027.7815581999,596656.7100140785,578958.5834506785
2014-01-11,787321.455619,0,94661.0,92.39,0,5,11,1,1,2014,2,543055.329066,936628.8866039,556952.3059789999,434657.0129787,675368.1363386286,601209.5929442929,584629.9851680715
2014-01-12,844633.598917,0,89216.0,92.39,0,6,12,1,1,2014,2,787321.455619,949618.78894,499719.5049237,554911.917024,654038.5033407857,617664.5322042928,597225.1438337964
2014-01-13,555547.0150185,0,75590.0,91.45,0,0,13,1,1,2014,3,844633.598917,602268.564009,635134.7358515,642015.7758165,639040.6190517858,642301.2532038143,607572.3467585464
2014-01-14,502643.104285,0,71724.0,92.15,0,1,14,1,1,2014,3,555547.0150185,563450.5988595,507264.6630475,516060.290853,632366.1120531429,636616.4160014571,604484.1767300464
2014-01-15,567067.469069,0,74904.0,93.78,0,2,15,1,1,2014,3,502643.104285,636176.853478,8602.065404,480470.71684249997,623679.3271139285,636286.3046612786,604004.991495475
2014-01-16,502789.214207,0,73914.0,93.54,0,3,16,1,1,2014,3,567067.469069,496377.933414,801011.226041,527481.336925,613806.557912643,676176.69063735,607097.7326464214
2014-01-17,542937.915657,0,75507.0,93.96,0,4,17,1,1,2014,3,502789.214207,543055.329066,680672.845603,507461.038187,614722.4551687856,654875.1183634929,606215.8711207786
2014-01-18,786779.8899055,0,92853.0,93.96,0,5,18,1,1,2014,3,542937.915657,787321.455619,936628.8866039,544104.2676365,614705.6818246429,645036.9090816358,607482.9024589929
2014-01-19,851735.334091,0,88313.0,93.96,0,6,19,1,1,2014,3,786779.8899055,844633.598917,949618.78894,685673.07474,614628.3152941428,634333.4093174643,616149.8889686
2014-01-20,575850.061871,0,74870.0,93.96,0,0,20,1,1,2014,4,851735.334091,555547.0150185,602268.564009,696295.146867,615642.8488904285,627341.7339711072,622080.6839454214
2014-01-21,538817.207912,0,74384.0,94.51,0,1,21,1,1,2014,4,575850.061871,502643.104285,563450.5988595,792865.284427,618543.2841550715,625454.698104107,617779.0737669928
2014-01-22,553097.596874,0,72600.0,96.35,0,2,22,1,1,2014,4,538817.207912,567067.469069,636176.853478,620663.290732,623711.0132446429,623695.1701792857,608705.9281771715
2014-01-23,460789.0398597,0,69863.0,97.23,0,3,23,1,1,2014,4,553097.596874,502789.214207,496377.933414,470731.1624137,621715.3172167857,617760.9375647142,606292.8676822429
2014-01-24,526124.572256,0,74881.0,96.66,0,4,24,1,1,2014,4,460789.0398597,542937.915657,543055.329066,479314.968043,615715.2923100286,615218.8737394072,605937.7918767428
2014-01-25,733880.979053,0,89619.0,96.66,0,5,25,1,1,2014,4,526124.572256,786779.8899055,787321.455619,556952.3059789999,613313.3861098858,614009.5339672642,607609.5634557785
2014-01-26,814057.732862,0,86186.0,96.66,0,6,26,1,1,2014,4,733880.979053,851735.334091,844633.598917,499719.5049237,605756.3988452429,610192.3570696928,613928.4446369929
2014-01-27,540798.833711,0,73833.0,95.82,0,0,27,1,1,2014,5,814057.732862,575850.061871,555547.0150185,635134.7358515,600373.8843839571,608008.3666371929,625154.8099205036
2014-01-28,481593.435798,0,71475.0,97.49,0,1,28,1,1,2014,5,540798.833711,538817.207912,502643.104285,507264.6630475,595366.5660753858,606954.9251152286,621785.6705583428
2014-01-29,512853.989922,0,70343.0,97.34,0,2,29,1,1,2014,5,481593.435798,553097.596874,567067.469069,8602.065404,587191.7414876714,605451.3773661571,620868.8410137178
2014-01-30,453642.9707033,0,69738.0,98.25,0,3,30,1,1,2014,5,512853.989922,460789.0398597,502789.214207,801011.226041,581442.6547802428,601578.9859985142,638877.8383179322
2014-01-31,560816.192394,0,79461.0,97.55,0,4,31,1,1,2014,5,453642.9707033,526124.572256,542937.915657,680672.845603,580421.7877579,598068.5400339642,626471.8291987285
2014-02-01,648870.19898,0,100397.0,97.55,0,5,1,2,1,2014,5,560816.192394,733880.979053,786779.8899055,936628.8866039,585377.7334919,599345.5598008928,622191.2344412644
2014-02-02,619805.537102,0,91157.0,97.55,0,6,2,2,1,2014,5,648870.19898,814057.732862,851735.334091,949618.78894,573233.3363386143,589494.8675919286,611914.1384546964
2014-02-03,461637.5229585,0,82999.0,96.44,0,0,3,2,1,2014,6,619805.537102,540798.833711,575850.061871,602268.564009,545483.0226586143,572928.4535212857,600135.0937461965
2014-02-04,403189.5869763,0,78774.0,97.24,0,1,4,2,1,2014,6,461637.5229585,481593.435798,538817.207912,563450.5988595,534174.2639796857,564770.4150275358,595112.5565658214
2014-02-05,399138.3059075,0,79153.0,97.4,0,2,5,2,1,2014,6,403189.5869763,512853.989922,553097.596874,636176.853478,522973.71414801426,555082.7278178429,589388.9489985643
2014-02-06,359139.101529,0,75574.0,97.84,0,3,6,2,1,2014,6,399138.3059075,453642.9707033,460789.0398597,496377.933414,506728.6164316571,544085.63560595,580923.2865853321
2014-02-07,389471.568011,0,78958.0,99.98,0,4,7,2,1,2014,6,359139.101529,560816.192394,526124.572256,543055.329066,493228.0636924715,536824.9257251857,576021.8997322965
2014-02-08,530128.059914,0,92697.0,99.98,0,5,8,2,1,2014,6,389471.568011,648870.19898,733880.979053,787321.455619,468750.2602091857,527063.9968505428,570536.7654089036
2014-02-09,520753.7470746,0,83507.0,99.98,0,6,9,2,1,2014,6,530128.059914,619805.537102,814057.732862,844633.598917,451787.0974854714,512510.2169120428,561351.2869908678
2014-02-10,396622.737011,0,78191.0,100.12,0,0,10,2,1,2014,7,520753.7470746,461637.5229585,540798.833711,555547.0150185,437636.84176727146,491559.93221294286,549784.1494250678
2014-02-11,358382.7339877,0,75239.0,99.96,0,1,11,2,1,2014,7,396622.737011,403189.5869763,481593.435798,502643.104285,428349.0152033429,481261.63959151425,544108.2823533715
2014-02-12,387758.393971,0,79051.0,100.38,0,2,12,2,1,2014,7,358382.7339877,399138.3059075,512853.989922,567067.469069,421948.03620497143,472460.8751764928,538956.1262713249
2014-02-13,347373.2985675,0,82922.0,100.27,0,3,13,2,1,2014,7,387758.393971,359139.101529,453642.9707033,502789.214207,420322.33449975715,463525.4754657071,532552.2307321107
2014-02-14,361206.4069057,0,92671.0,100.31,0,4,14,2,1,2014,7,347373.2985675,389471.568011,560816.192394,542937.915657,418641.50550525717,455934.7845988643,527001.6623164143
2014-02-15,538893.357859,0,93175.0,100.31,0,5,15,2,1,2014,7,361206.4069057,530128.059914,648870.19898,786779.8899055,414603.6253473571,441676.94277827145,520511.2512895822
2014-02-16,595300.23508,0,88232.0,100.31,0,6,16,2,1,2014,7,538893.357859,520753.7470746,619805.537102,851735.334091,415855.81076807145,433821.4541267714,511658.16085935
2014-02-17,412029.2879535,0,76721.0,100.31,0,0,17,2,1,2014,8,595300.23508,396622.737011,461637.5229585,575850.061871,426505.3090545571,432071.07541091426,502499.76446609996
2014-02-18,365331.247942,0,73438.0,102.54,0,1,18,2,1,2014,8,412029.2879535,358382.7339877,403189.5869763,538817.207912,428706.24490348576,428527.6300534143,496649.02254047495
2014-02-19,360161.6390075,0,73514.0,103.46,0,2,19,2,1,2014,8,365331.247942,387758.393971,399138.3059075,553097.596874,429698.88975410006,425823.4629795357,490453.0953986893
2014-02-20,322451.9201135,0,71024.0,103.2,0,3,20,2,1,2014,8,360161.6390075,347373.2985675,359139.101529,460789.0398597,425756.49618788576,423039.41534382146,483562.52547488565
2014-02-21,369403.653633,0,75172.0,102.53,0,4,21,2,1,2014,8,322451.9201135,361206.4069057,389471.568011,526124.572256,422196.29926588567,420418.9023855714,478621.9140553786
2014-02-22,538206.082827,0,93092.0,102.53,0,5,22,2,1,2014,8,369403.653633,538893.357859,530128.059914,733880.979053,423367.3345126429,418985.47993,473024.73839027144
2014-02-23,487896.463891,0,80419.0,102.53,0,6,23,2,1,2014,8,538206.082827,595300.23508,520753.7470746,814057.732862,423269.1523652143,419562.4815666429,466036.34923934285
2014-02-24,404224.188997,0,77401.0,103.17,0,0,24,2,1,2014,9,487896.463891,412029.2879535,396622.737011,540798.833711,407925.7564810714,417215.5327678143,454387.73249037855
2014-02-25,351418.110084,0,72686.0,102.2,0,1,25,2,1,2014,9,404224.188997,365331.247942,358382.7339877,481593.435798,406810.7423444285,417758.4936239571,449510.0666077357
2014-02-26,353604.266985,0,74042.0,102.93,0,2,26,2,1,2014,9,351418.110084,360161.6390075,387758.393971,512853.989922,404823.1512218571,417261.0204879786,444860.94783223566
2014-02-27,330330.185244,0,73390.0,102.68,0,3,27,2,1,2014,9,353604.266985,322451.9201135,347373.2985675,453642.9707033,403886.3837900714,414821.4399889786,439173.45772734284
2014-02-28,425624.795466,0,84571.0,102.88,0,4,28,2,1,2014,9,330330.185244,369403.653633,361206.4069057,560816.192394,405011.8502372857,413604.0747515857,434769.429675225
2014-03-01,911360.2578707,0,102182.0,102.88,0,5,1,3,1,2014,9,425624.795466,538206.082827,538893.357859,648870.19898,413043.4419277143,418205.38822017855,429941.16549922497
2014-03-02,667413.052988,0,79124.0,102.88,1,6,2,3,1,2014,9,911360.2578707,487896.463891,595300.23508,619805.537102,466351.1812196714,444810.1667924429,439315.81045960716
2014-03-03,613973.031386,0,76019.0,105.34,1,0,3,3,1,2014,10,667413.052988,404224.188997,412029.2879535,461637.5229585,491996.40823352855,449961.08235730004,441016.0788841071
2014-03-04,748930.902096,0,81818.0,103.64,1,1,4,3,1,2014,10,613973.031386,351418.110084,365331.247942,403189.5869763,521960.52857481426,464385.6354596214,446456.63275651785
2014-03-05,741756.416525,0,84962.0,101.75,0,2,5,3,1,2014,10,748930.902096,353604.266985,360161.6390075,399138.3059075,578748.0702908143,491785.6107563357,458804.5368679357
2014-03-06,614082.444339,0,81147.0,101.82,0,3,6,3,1,2014,10,741756.416525,330330.185244,322451.9201135,359139.101529,634198.3773679571,519042.38057901425,471040.89796141785
2014-03-07,598242.341178,0,80361.0,102.82,0,4,7,3,1,2014,10,614082.444339,425624.795466,369403.653633,389471.568011,674734.4143815285,539873.1323094071,480146.0173474893
2014-03-08,753345.259201,0,94346.0,102.82,0,5,8,3,1,2014,10,598242.341178,911360.2578707,538206.082827,530128.059914,699394.063768957,556218.7528483357,487602.11638916784
2014-03-09,916117.649984,0,92694.0,102.82,0,6,9,3,1,2014,10,753345.259201,667413.052988,487896.463891,520753.7470746,676820.4925304286,571585.83687505,495574.15922084637
2014-03-10,587414.828974,0,77536.0,101.39,0,0,10,3,1,2014,11,916117.649984,613973.031386,404224.188997,396622.737011,712349.7206727143,602173.0644531214,509694.2986104678
2014-03-11,539365.375063,0,75793.0,100.29,0,1,11,3,1,2014,11,587414.828974,748930.902096,351418.110084,358382.7339877,708555.6917567143,615258.1101657643,516508.30189486075
2014-03-12,575676.797032,0,75820.0,98.29,0,2,12,3,1,2014,11,539365.375063,741756.416525,353604.266985,387758.393971,678617.7593234285,628682.9148071214,522971.96764755005
2014-03-13,473298.042544,0,72982.0,98.57,0,3,13,3,1,2014,11,575676.797032,614082.444339,330330.185244,347373.2985675,654892.0993958571,644545.2383819072,529683.3391854429
2014-03-14,530515.2554715,0,77386.0,99.23,0,4,14,3,1,2014,11,473298.042544,598242.341178,425624.795466,361206.4069057,634780.0419965715,654757.22818905,534180.6514703179
2014-03-15,731049.789851,0,91559.0,99.23,0,5,15,3,1,2014,11,530515.2554715,753345.259201,911360.2578707,538893.357859,625104.7440385,662249.4039037285,540227.3960619535
2014-03-16,929808.492772,0,93240.0,99.23,0,6,16,3,1,2014,11,731049.789851,916117.649984,667413.052988,595300.23508,621919.6769884999,649370.0847594643,547090.1257759535
2014-03-17,612719.522118,0,80383.0,98.43,0,0,17,3,1,2014,12,929808.492772,587414.828974,613973.031386,412029.2879535,623875.5116724999,668112.616172607,559036.8492649535
2014-03-18,537427.86875,0,75912.0,100.08,0,1,18,3,1,2014,12,612719.522118,539365.375063,748930.902096,365331.247942,627490.4678359285,668023.0797963215,566204.3576279714
2014-03-19,585974.657018,0,76911.0,100.71,0,2,19,3,1,2014,12,537427.86875,575676.797032,741756.416525,360161.6390075,627213.6812197857,652915.7202716072,572350.6655139715
2014-03-20,500897.112641,0,74462.0,99.68,0,3,20,3,1,2014,12,585974.657018,473298.042544,614082.444339,322451.9201135,628684.8040749285,641788.4517353929,580415.4161572036
2014-03-21,548811.469984,0,78342.0,99.97,0,4,21,3,1,2014,12,500897.112641,530515.2554715,598242.341178,369403.653633,632627.5283745,633703.7851855357,586788.4587474714
2014-03-22,771704.933772,0,93889.0,99.97,0,5,22,3,1,2014,12,548811.469984,731049.789851,753345.259201,538206.082827,635241.2733048572,630173.0086716786,593195.8807600072
2014-03-23,838814.636064,0,89071.0,99.97,0,6,23,3,1,2014,12,771704.933772,929808.492772,916117.649984,487896.463891,641049.1510078572,631484.4139981786,601535.1254366143
2014-03-24,571762.044919,0,74406.0,100.05,0,0,24,3,1,2014,13,838814.636064,612719.522118,587414.828974,404224.188997,628050.028621,625962.7701467499,614067.9172999357
2014-03-25,539861.6183493,0,74454.0,99.66,0,1,25,3,1,2014,13,571762.044919,537427.86875,539365.375063,351418.110084,622198.9604497143,624844.7141428215,620051.4121542928
2014-03-26,569680.543547,0,74887.0,100.61,0,2,26,3,1,2014,13,539861.6183493,585974.657018,575676.797032,353604.266985,622546.6389638999,624880.1600918429,626781.5374494821
2014-03-27,468581.39830400003,0,71079.0,101.25,0,3,27,3,1,2014,13,569680.543547,500897.112641,473298.042544,330330.185244,620218.9084680428,624451.8562714857,634498.5473266963
2014-03-28,538905.781947,0,78180.0,101.73,0,4,28,3,1,2014,13,468581.39830400003,548811.469984,530515.2554715,425624.795466,615602.3778484714,624114.9531114857,639436.0906502678
2014-03-29,822333.142686,0,95635.0,101.73,0,5,29,3,1,2014,13,538905.781947,771704.933772,731049.789851,911360.2578707,614187.2795574714,624714.2764311644,643481.8401674464
2014-03-30,873958.8396415,0,88582.0,101.73,0,6,30,3,1,2014,13,822333.142686,838814.636064,929808.492772,667413.052988,621419.8808308999,631234.5159193786,640302.3003394214
2014-03-31,651800.509461,0,82265.0,101.57,0,0,31,3,1,2014,14,873958.8396415,571762.044919,612719.522118,613973.031386,626440.4813419714,627245.2549814858,647678.9355770464
2014-04-01,485079.887001,8,84822.0,99.69,1,1,1,4,2,2014,14,651800.509461,539861.6183493,537427.86875,748930.902096,637874.5477051142,630036.7540774143,649029.9169368679
2014-04-02,463917.316107,4,83375.0,99.6,0,2,2,4,2,2014,14,485079.887001,569680.543547,585974.657018,741756.416525,630048.5860839285,626297.6125239143,639606.6663977607
2014-04-03,388867.961418,120,78063.0,100.29,0,3,3,4,2,2014,14,463917.316107,468581.39830400003,500897.112641,614082.444339,614939.5535925,617579.2310302714,629683.8413828321
2014-04-04,422578.745073,5,81700.0,101.16,0,4,4,4,2,2014,14,388867.961418,538905.781947,548811.469984,598242.341178,603551.9197516429,609577.1488000571,621640.4669927964
2014-04-05,617680.194045,7,101536.0,101.16,0,5,5,4,2,2014,14,422578.745073,822333.142686,771704.933772,753345.259201,586933.7716267856,600560.5255921286,615366.7671319034
2014-04-06,631888.250898,7,94488.0,101.16,0,6,6,4,2,2014,14,617680.194045,873958.8396415,838814.636064,916117.649984,557697.6361066429,589558.7584687715,610521.586233475
2014-04-07,426091.1040178,3,80982.0,100.43,0,0,7,4,2,2014,15,631888.250898,651800.509461,571762.044919,587414.828974,523116.12342899997,574778.3023854857,600370.5362661179
2014-04-08,376663.272105,8,76904.0,102.57,0,1,8,4,2,2014,15,426091.1040178,485079.887001,539861.6183493,539365.375063,490871.92265140003,564373.2351782571,594608.9746605393
2014-04-09,375309.08201199997,4,78352.0,103.55,0,2,9,4,2,2014,15,376663.272105,463917.316107,569680.543547,575676.797032,475383.8348091143,552716.2104465214,588798.1852691822
2014-04-10,334052.7571255,119,76260.0,103.37,0,3,10,4,2,2014,15,375309.08201199997,388867.961418,468581.39830400003,473298.042544,462725.5156526857,538832.5346225929,581642.1954470393
2014-04-11,379646.845927,14,80053.0,103.68,0,4,11,4,2,2014,15,334052.7571255,422578.745073,538905.781947,530515.2554715,454894.77218232857,529223.3459669857,576669.1495392357
2014-04-12,529919.922964,10,95879.0,103.68,1,5,12,4,2,2014,15,379646.845927,617680.194045,822333.142686,731049.789851,448761.6437329,517847.7076798429,571280.9920555035
2014-04-13,540190.281942,16,88770.0,103.68,0,6,13,4,2,2014,15,529919.922964,631888.250898,873958.8396415,929808.492772,436224.4621499,496961.04912827146,564097.7825238251
2014-04-14,381386.309033,8,77753.0,104.05,1,0,14,4,2,2014,16,540190.281942,426091.1040178,651800.509461,612719.522118,423124.7522990429,473120.4378640214,550182.8464227536
2014-04-15,364689.054991,45,76278.0,103.7,0,1,15,4,2,2014,16,381386.309033,376663.272105,485079.887001,537427.86875,416738.3530155,453805.13783345,541920.9459554321
2014-04-16,411357.084985,45,81231.0,103.71,0,2,16,4,2,2014,16,364689.054991,375309.08201199997,463917.316107,585974.657018,415027.7505706428,445205.79268987855,535751.7026068964
2014-04-17,397464.842904,455,84493.0,104.33,0,3,17,4,2,2014,16,411357.084985,334052.7571255,388867.961418,500897.112641,420177.46528107143,441451.49046687863,529515.360748575
2014-04-18,394392.184115,37,81003.0,104.33,1,4,18,4,2,2014,16,397464.842904,379646.845927,422578.745073,548811.469984,429236.334678,442065.5534301643,525821.3511151107
2014-04-19,496904.749136,36,92589.0,104.33,0,5,19,4,2,2014,16,394392.184115,529919.922964,617680.194045,771704.933772,431342.811562,440052.22764745,520306.3766197893
2014-04-20,520126.3980386,56,86198.0,104.33,0,6,20,4,2,2014,16,496904.749136,540190.281942,631888.250898,838814.636064,426626.358158,431425.41015395,510492.0843113608
2014-04-21,398677.396998,28,79111.0,104.35,1,0,21,4,2,2014,17,520126.3980386,381386.309033,426091.1040178,571762.044919,423760.08902894286,423442.4206639929,499110.3615247393
2014-04-22,370552.249018,49,75889.0,101.69,0,1,22,4,2,2014,17,398677.396998,364689.054991,376663.272105,539861.6183493,426230.2444525143,421484.2987340071,492928.7669561322
2014-04-23,372232.595049,58,75358.0,101.47,0,2,23,4,2,2014,17,370552.249018,411357.084985,375309.08201199997,569680.543547,427067.8435992286,421047.79708493577,486882.0037657286
2014-04-24,320875.477858,460,71753.0,102.2,0,3,24,4,2,2014,17,372232.595049,397464.842904,334052.7571255,468581.39830400003,421478.63075122854,420828.04801614996,479830.2913193714
2014-04-25,357173.708433,22,75347.0,100.85,0,4,25,4,2,2014,17,320875.477858,394392.184115,379646.845927,538905.781947,410537.2928875143,419886.81378275715,474555.0798748714
2014-04-26,497334.735036,39,89576.0,100.85,0,5,26,4,2,2014,17,357173.708433,496904.749136,529919.922964,822333.142686,405220.36779008573,418281.5896760429,468064.6486779428
2014-04-27,560508.420995,52,88583.0,100.85,0,6,27,4,2,2014,17,497334.735036,520126.3980386,540190.281942,873958.8396415,405281.79434722854,415954.07625261426,456457.5626904429
2014-04-28,362271.9169815,65,73482.0,101.13,0,0,28,4,2,2014,18,560508.420995,398677.396998,381386.309033,651800.509461,411050.65476957144,417405.3718992571,445262.90488163935
2014-04-29,326338.348031,73,71015.0,101.56,0,1,29,4,2,2014,18,362271.9169815,370552.249018,364689.054991,485079.887001,405849.87191007147,416040.0581812929,434922.5980073715
2014-04-30,357079.964912,86,74823.0,100.07,0,2,30,4,2,2014,18,326338.348031,372232.595049,411357.084985,463917.316107,399533.6003405,413300.7219698643,429253.2573298714
2014-05-01,530380.848064,547,87240.0,99.69,1,3,1,5,2,2014,18,357079.964912,320875.477858,397464.842904,388867.961418,397368.93889235717,409423.78482179285,425437.63764433574
2014-05-02,443284.891212,215,80437.0,100.09,0,4,2,5,2,2014,18,530380.848064,357173.708433,394392.184115,422578.745073,427298.27749321435,418917.78519036435,430491.6693102643
2014-05-03,610391.748971,72,98252.0,100.09,0,5,3,5,2,2014,18,443284.891212,497334.735036,496904.749136,617680.194045,439599.8750330714,422410.1214115786,431231.1745295143
2014-05-04,646164.863883,58,93157.0,100.09,0,6,4,5,2,2014,18,610391.748971,560508.420995,520126.3980386,631888.250898,455750.8770237858,430516.3356855071,430970.8729197286
2014-05-05,427601.704071,67,77689.0,99.74,0,0,5,5,2,2014,19,646164.863883,362271.9169815,398677.396998,426091.1040178,467987.51172207145,439519.0832458214,431480.75195490714
2014-05-06,388945.890086,84,75193.0,99.81,0,1,6,5,2,2014,19,427601.704071,326338.348031,370552.249018,376663.272105,477320.3384491428,441585.1051796071,431534.70195680717
2014-05-07,391932.183945,71,77067.0,101.06,0,2,7,5,2,2014,19,388945.890086,357079.964912,372232.595049,375309.08201199997,486264.2730284286,442898.9366844643,431973.36688469996
2014-05-08,337483.713217,472,73342.0,100.52,0,3,8,5,2,2014,19,391932.183945,530380.848064,320875.477858,334052.7571255,491243.16146171425,444306.05017703574,432567.0490965928
2014-05-09,381335.196055,218,81067.0,100.32,0,4,9,5,2,2014,19,337483.713217,443284.891212,357173.708433,379646.845927,463686.4279121429,445492.3527026786,432689.58324271784
2014-05-10,577012.026997,61,108342.0,100.32,1,5,10,5,2,2014,19,381335.196055,610391.748971,497334.735036,529919.922964,454836.4714611429,447218.17324710713,432749.88146157505
2014-05-11,454512.928937,59,90945.0,100.32,1,6,11,5,2,2014,19,577012.026997,646164.863883,560508.420995,540190.281942,450067.93975057144,452909.40838717856,434431.7423198964
2014-05-12,398251.889006,61,76000.0,100.89,1,0,12,5,2,2014,20,454512.928937,427601.704071,362271.9169815,381386.309033,422689.0919011428,445338.30181160715,431371.83685543214
2014-05-13,360734.522978,65,73847.0,102.01,0,1,13,5,2,2014,20,398251.889006,388945.890086,326338.348031,364689.054991,418496.2611775715,447908.2998133571,431974.17899732507
2014-05-14,356373.806985,151,73257.0,102.63,0,2,14,5,2,2014,20,360734.522978,391932.183945,357079.964912,411357.084985,414466.06587642856,450365.16945242864,431832.94571114646
2014-05-15,332272.8296378,534,70281.0,101.74,0,3,15,5,2,2014,20,356373.806985,337483.713217,530380.848064,397464.842904,409386.2977392857,450314.72960049997,429869.2572111464
2014-05-16,380822.742652,1188,75778.0,102.31,0,4,16,5,2,2014,20,332272.8296378,381335.196055,443284.891212,394392.184115,408641.88579940004,436164.1568557714,427540.9710230679
2014-05-17,537873.964019,129,91408.0,102.31,0,5,17,5,2,2014,20,380822.742652,577012.026997,610391.748971,496904.749136,408568.67817040003,431702.5748157714,427056.348113675
2014-05-18,634519.7368283,139,93334.0,102.31,0,6,18,5,2,2014,20,537873.964019,454512.928937,646164.863883,520126.3980386,402977.5263164,426522.7330334857,428519.53435949644
2014-05-19,388814.744958,110,75548.0,102.95,0,0,19,5,2,2014,21,634519.7368283,398251.889006,427601.704071,398677.396998,428692.78458658565,425690.9382438642,432605.0107448428
2014-05-20,354372.33997,157,73023.0,102.8,0,1,20,5,2,2014,21,388814.744958,360734.522978,388945.890086,370552.249018,427344.62115115713,422920.4411643643,432252.7731719857
2014-05-21,356898.483031,191,73409.0,104.31,0,2,21,5,2,2014,21,354372.33997,356373.806985,391932.183945,372232.595049,426435.73786429997,420450.90187036427,431674.9192774143
2014-05-22,310660.142642,1561,68645.0,104.03,0,3,22,5,2,2014,21,356898.483031,332272.8296378,337483.713217,320875.477858,426510.6915851572,417948.49466222146,431127.27241962857
2014-05-23,349549.892726,1274,71882.0,105.01,0,4,23,5,2,2014,21,310660.142642,380822.742652,381335.196055,357173.708433,423423.1648714714,416032.5253354357,430762.43901905714
2014-05-24,516627.261707,220,90183.0,105.01,1,5,24,5,2,2014,21,349549.892726,537873.964019,577012.026997,497334.735036,418955.6148820428,413762.1465262215,430490.1598866643
2014-05-25,573412.21016,218,88321.0,105.01,0,6,25,5,2,2014,21,516627.261707,634519.7368283,454512.928937,560508.420995,415920.37169461424,409448.9490055071,431179.17869634286
2014-05-26,373831.086112,188,73627.0,105.01,0,0,26,5,2,2014,22,573412.21016,388814.744958,398251.889006,362271.9169815,407190.72502771433,417941.75480715,431640.0283093786
2014-05-27,327642.143098,196,70265.0,104.78,0,1,27,5,2,2014,22,373831.086112,354372.33997,360734.522978,326338.348031,405050.20233542856,416197.4117432929,432052.855778325
2014-05-28,338481.784057,192,71949.0,103.37,0,2,28,5,2,2014,22,327642.143098,356898.483031,356373.806985,357079.964912,401231.6027822857,413833.67032329284,432099.4198878607
2014-05-29,326624.5773325,1586,74837.0,104.26,0,3,29,5,2,2014,22,338481.784057,310660.142642,332272.8296378,530380.848064,398600.645786,412555.6686855786,431435.19914303924
2014-05-30,375782.6398709,1224,77930.0,103.4,0,4,30,5,2,2014,22,326624.5773325,349549.892726,380822.742652,443284.891212,400881.27931321424,412152.22209234285,424158.1894740571
2014-05-31,597192.467989,267,97007.0,103.4,0,5,31,5,2,2014,22,375782.6398709,516627.261707,537873.964019,610391.748971,404628.8146196286,411792.21475083573,421747.39478330355
2014-06-01,742732.830236,123,101478.0,103.4,0,6,1,6,2,2014,22,597192.467989,573412.21016,634519.7368283,646164.863883,416138.12980277144,416029.2507486929,421275.9918910893
2014-06-02,512725.7729758,195,83193.0,103.07,0,0,2,6,2,2014,23,742732.830236,373831.086112,388814.744958,427601.704071,440326.78981362854,423758.75742067146,424724.8478322678
2014-06-03,443636.187975,213,79665.0,103.34,0,1,3,6,2,2014,23,512725.7729758,327642.143098,354372.33997,388945.890086,460168.88793702854,432609.5451362286,427764.99315029645
2014-06-04,423284.494993,236,78673.0,103.27,0,2,4,6,2,2014,23,443636.187975,338481.784057,356898.483031,391932.183945,476739.46577659994,438985.53427944286,429718.21807490353
2014-06-05,359474.513823,1616,73882.0,103.17,0,3,5,6,2,2014,23,423284.494993,326624.5773325,310660.142642,337483.713217,488854.13876745716,443727.3922767286,430837.943469475
2014-06-06,391266.125449,1264,77054.0,103.32,0,4,6,6,2,2014,23,359474.513823,375782.6398709,349549.892726,381335.196055,493546.98683752853,447214.13307537144,431623.32920540357
2014-06-07,557142.461024,197,94798.0,103.32,0,5,7,6,2,2014,23,391266.125449,597192.467989,516627.261707,577012.026997,495758.91334868566,450193.86398415716,431978.0052551893
2014-06-08,626026.956957,215,91509.0,103.32,0,6,8,6,2,2014,23,557142.461024,742732.830236,573412.21016,454512.928937,490037.4837822571,453087.80679251434,431268.3778990107
2014-06-09,415798.946041,199,76770.0,105.09,0,0,9,6,2,2014,24,626026.956957,512725.7729758,373831.086112,398251.889006,473365.2161709714,456846.00299229997,437393.878899725
2014-06-10,351689.4229725,199,72457.0,105.02,0,1,10,6,2,2014,24,415798.946041,443636.187975,327642.143098,360734.522978,459518.52660885715,459843.7072729428,438020.5595081179
2014-06-11,373828.16418,258,74691.0,105.04,0,2,11,6,2,2014,24,351689.4229725,423284.494993,338481.784057,356373.806985,446383.2744656428,461561.3701211214,437697.5202222071
2014-06-12,329408.06736,1979,70928.0,107.2,1,3,12,6,2,2014,24,373828.16418,359474.513823,326624.5773325,332272.8296378,439318.0843495,464086.1115584786,438320.8901220286
2014-06-13,392308.374573,1335,79126.0,107.49,0,4,13,6,2,2014,24,329408.06736,391266.125449,375782.6398709,380822.742652,435022.87771192857,464284.93227472855,438218.5771835357
2014-06-14,622072.988944,278,106217.0,107.49,0,5,14,6,2,2014,24,392308.374573,557142.461024,597192.467989,537873.964019,435171.77044392854,465465.34189630713,438628.7783235715
2014-06-15,441279.9339945,250,81730.0,107.49,1,6,15,6,2,2014,24,622072.988944,626026.956957,742732.830236,634519.7368283,444447.5601467857,467242.52196452144,441635.88635660714
2014-06-16,447450.23987,338,78357.0,107.52,0,0,16,6,2,2014,25,441279.9339945,415798.946041,512725.7729758,388814.744958,418055.128295,445710.1722329857,434734.4648268286
2014-06-17,380396.036044,380,74593.0,106.95,0,1,17,6,2,2014,25,447450.23987,351689.4229725,443636.187975,354372.33997,422576.74169914285,441047.63415399997,436828.58964511426
2014-06-18,373408.6641423,425,73547.0,106.64,0,2,18,6,2,2014,25,380396.036044,373828.16418,423284.494993,356898.483031,426677.6864236429,436530.48044464283,437758.0073620429
2014-06-19,332280.93509600003,2359,69533.0,107.08,0,3,19,6,2,2014,25,373408.6641423,329408.06736,359474.513823,310660.142642,426617.7578468286,432967.9210981643,438347.65668744646
2014-06-20,369206.789547,1933,74637.0,107.95,1,4,20,6,2,2014,25,332280.93509600003,392308.374573,391266.125449,349549.892726,427028.1675234,431025.52261766425,439119.82784651784
2014-06-21,538613.855166,308,90482.0,107.95,0,5,21,6,2,2014,25,369206.789547,622072.988944,557142.461024,516627.261707,423727.94109111425,429449.8557675214,439821.85987583926
2014-06-22,591184.1240535,360,88830.0,107.95,0,6,22,6,2,2014,25,538613.855166,441279.9339945,626026.956957,573412.21016,411805.2076942572,428126.3839205214,440607.0953565179
2014-06-23,414929.6359765,237,74621.0,106.83,1,0,23,6,2,2014,26,591184.1240535,447450.23987,415798.946041,373831.086112,433220.09198840003,425637.6101417,441241.80656699993
2014-06-24,340464.7450455,266,69887.0,106.64,0,1,24,6,2,2014,26,414929.6359765,380396.036044,351689.4229725,327642.143098,428574.29143218574,425575.51656566426,442709.61191930354
2014-06-25,355342.398017,354,73770.0,107.04,1,2,25,6,2,2014,26,340464.7450455,373408.6641423,373828.16418,338481.784057,422869.8212895429,424773.75385659287,443167.56198885717
2014-06-26,315798.180924,2168,68189.0,106.49,0,3,26,6,2,2014,26,355342.398017,332280.93509600003,329408.06736,326624.5773325,420288.9261287857,423453.3419878071,443769.7267731429
2014-06-27,370793.573429,2732,73887.0,106.46,0,4,27,6,2,2014,26,315798.180924,369206.789547,392308.374573,375782.6398709,417934.24696135713,422481.20724237856,443383.0697585535
2014-06-28,510870.81398,425,86469.0,106.46,1,5,28,6,2,2014,26,370793.573429,538613.855166,622072.988944,597192.467989,418160.9303730714,420944.4357320928,443204.88881420007
2014-06-29,567218.8850125,302,83832.0,106.46,1,6,29,6,2,2014,26,510870.81398,591184.1240535,441279.9339945,742732.830236,414197.6387750714,413001.4232346643,440121.9725995929
2014-06-30,429324.0552005,352,76339.0,106.07,1,0,30,6,2,2014,27,567218.8850125,414929.6359765,447450.23987,512725.7729758,410774.0331977857,421997.06259309285,433853.6174130393
2014-07-01,720480.616788,2320,79972.0,106.06,1,1,1,7,3,2014,27,429324.0552005,340464.7450455,380396.036044,443636.187975,412830.37880121433,420702.3351167,430874.98463534995
2014-07-02,747430.1471275,4310,83075.0,105.18,0,2,2,7,3,2014,27,720480.616788,355342.398017,373408.6641423,423284.494993,467118.3604787142,444994.0908841286,440762.2856643857
2014-07-03,583844.7207922,2383,77099.0,104.76,1,3,3,7,3,2014,27,747430.1471275,315798.180924,332280.93509600003,359474.513823,523130.89606592857,471709.9110973571,452338.9160977607
2014-07-04,595424.31324,4056,78171.0,104.76,1,4,4,7,3,2014,27,583844.7207922,370793.573429,369206.789547,391266.125449,561423.2589042429,489678.75293280004,460352.13777523214
2014-07-05,817307.1101677,610,92536.0,104.76,1,5,5,7,3,2014,27,595424.31324,510870.81398,538613.855166,557142.461024,593513.3645915285,505837.14748230006,467643.50162491074
2014-07-06,918276.596259,583,90910.0,104.76,0,6,6,7,3,2014,27,817307.1101677,567218.8850125,591184.1240535,626026.956957,637289.9783326286,525743.80855385,476935.0962371857
2014-07-07,638526.428909,492,79130.0,104.19,0,0,7,7,3,2014,28,918276.596259,429324.0552005,414929.6359765,415798.946041,687441.0799392714,549107.5565685286,487372.58335511433
2014-07-08,557291.4975265,2183,74393.0,104.06,1,1,8,7,3,2014,28,638526.428909,720480.616788,340464.7450455,351689.4229725,717327.1333262,565078.7560637072,495327.13631468575
2014-07-09,574451.409963,4281,73421.0,102.93,1,2,9,7,3,2014,28,557291.4975265,747430.1471275,355342.398017,373828.16418,694014.4020031287,580566.3812409214,502670.0675487571
2014-07-10,498047.54898,2465,71722.0,103.61,0,3,10,7,3,2014,28,574451.409963,583844.7207922,315798.180924,329408.06736,669303.1538367715,596217.0249513501,509835.18346957857
2014-07-11,535644.182793,4057,74586.0,101.48,0,4,11,7,3,2014,28,498047.54898,595424.31324,370793.573429,392308.374573,657046.4150064571,609234.83695535,515858.0220988643
2014-07-12,756698.7523004999,568,89793.0,101.48,1,5,12,7,3,2014,28,535644.182793,817307.1101677,510870.81398,622072.988944,648506.3963711715,621009.8804813501,520977.1581067215
2014-07-13,733653.779849,720,79840.0,101.48,1,6,13,7,3,2014,28,756698.7523004999,918276.596259,567218.8850125,441279.9339945,639848.059533,638569.0189328144,525785.2210837392
2014-07-14,584867.15114,617,76320.0,101.73,0,0,14,7,3,2014,29,733653.779849,638526.428909,429324.0552005,447450.23987,613473.3714744287,650457.2257068501,536227.1441499714
2014-07-15,562860.0268329,2329,76497.0,100.56,0,1,15,7,3,2014,29,584867.15114,557291.4975265,720480.616788,380396.036044,605807.7603645715,661567.4468453856,541134.8909810429
2014-07-16,621336.4939885,4446,77335.0,101.88,0,2,16,7,3,2014,29,562860.0268329,574451.409963,747430.1471275,373408.6641423,606603.2645512,650308.8332771643,547651.4620806464
2014-07-17,498221.7050971,2416,72365.0,103.84,0,3,17,7,3,2014,29,621336.4939885,498047.54898,583844.7207922,332280.93509600003,613301.1336977,641302.1437672358,556506.0274322964
2014-07-18,547619.0590519,4275,76812.0,103.83,0,4,18,7,3,2014,29,498221.7050971,535644.182793,595424.31324,369206.789547,613326.0131430001,635186.2140747287,562432.4835037643
2014-07-19,728988.226204,759,88541.0,103.83,0,5,19,7,3,2014,29,547619.0590519,756698.7523004999,817307.1101677,538613.855166,615036.7097514143,631771.5530612929,568804.3502717965
2014-07-20,776474.1180457,636,82660.0,103.83,0,6,20,7,3,2014,29,728988.226204,733653.779849,918276.596259,591184.1240535,611078.0631662001,625463.0613496,575603.434951725
2014-07-21,600228.430008,592,77658.0,105.34,0,0,21,7,3,2014,30,776474.1180457,584867.15114,638526.428909,414929.6359765,617195.2543371571,615334.3129057928,582220.9347371607
2014-07-22,530276.040011,2287,73749.0,104.59,0,1,22,7,3,2014,30,600228.430008,562860.0268329,557291.4975265,340464.7450455,619389.7227468714,612598.7415557215,588838.7488097142
2014-07-23,574168.635995,4459,74346.0,103.81,1,2,23,7,3,2014,30,530276.040011,621336.4939885,574451.409963,355342.398017,614734.8674866001,610669.0660189,595617.7236299107
2014-07-24,484618.8170115,2425,72513.0,102.76,1,3,24,7,3,2014,30,574168.635995,498221.7050971,498047.54898,315798.180924,607996.6020589572,610648.8678783287,603432.9464148392
2014-07-25,579767.285128,4395,78229.0,105.23,1,4,25,7,3,2014,30,484618.8170115,547619.0590519,535644.182793,370793.573429,606053.3323324429,609689.6727377214,609462.2548465357
2014-07-26,688919.5500267,673,87657.0,105.23,0,5,26,7,3,2014,30,579767.285128,728988.226204,756698.7523004999,510870.81398,610645.9360576,612841.322904507,616925.6016929286
2014-07-27,747307.86662,605,81927.0,105.23,0,6,27,7,3,2014,30,688919.5500267,776474.1180457,733653.779849,567218.8850125,604921.8394608429,607999.9513135215,623284.4851231679
2014-07-28,583936.68549,557,77123.0,105.68,0,0,28,7,3,2014,31,747307.86662,600228.430008,584867.15114,429324.0552005,600755.2321143142,608975.2432257357,629716.2344662929
2014-07-29,524743.3250017,2207,73622.0,104.91,0,1,29,7,3,2014,31,583936.68549,530276.040011,562860.0268329,720480.616788,598427.8400403142,608908.781393593,635238.1141194893
2014-07-30,578056.965281,4640,74905.0,104.29,0,2,30,7,3,2014,31,524743.3250017,574168.635995,621336.4939885,747430.1471275,597637.4521818429,606186.1598342214,628247.4965556929
2014-07-31,532423.558194,2319,75434.0,98.23,0,3,31,7,3,2014,31,578056.965281,484618.8170115,498221.7050971,583844.7207922,598192.9277941285,603094.7649265428,622198.4543468893
2014-08-01,506826.7949305,4407,87196.0,97.86,0,4,1,8,3,2014,31,532423.558194,579767.285128,547619.0590519,595424.31324,605022.1765344858,605537.7544334643,620361.9842540964
2014-08-02,626533.637869,506,97649.0,97.86,0,5,2,8,3,2014,31,506826.7949305,688919.5500267,728988.226204,817307.1101677,594602.1065062714,602624.0212819356,617197.7871716142
2014-08-03,625898.205888,453,90780.0,97.86,0,6,3,8,3,2014,31,626533.637869,747307.86662,776474.1180457,918276.596259,585689.8333408857,595305.8364008643,610384.4488752323
2014-08-04,471173.304022,402,83158.0,98.26,0,0,4,8,3,2014,32,625898.205888,583936.68549,600228.430008,638526.428909,568345.5960934571,584550.4141038858,599942.3635048392
2014-08-05,417197.476176,395,79178.0,97.34,1,1,5,8,3,2014,32,471173.304022,524743.3250017,530276.040011,557291.4975265,552236.5415980286,575332.1908191715,593965.4661874464
2014-08-06,402914.370941,515,78787.0,96.93,0,2,6,8,3,2014,32,417197.476176,578056.965281,574168.635995,574451.409963,536872.8489086429,567255.1505452428,588962.1082820714
2014-08-07,359701.53298899997,2310,74620.0,97.34,0,3,7,8,3,2014,32,402914.370941,532423.558194,484618.8170115,498047.54898,511852.4782886429,555022.7030413856,582835.7854598572
2014-08-08,397759.9389829,4308,78698.0,97.61,0,4,8,8,3,2014,32,359701.53298899997,506826.7949305,579767.285128,535644.182793,487177.9032593571,546100.0398969214,577894.8563173214
2014-08-09,496192.787084,574,88010.0,97.61,0,5,9,8,3,2014,32,397759.9389829,626533.637869,688919.5500267,756698.7523004999,471596.9238382714,533099.5151722714,572970.4190383892
2014-08-10,509681.7650025,612,82185.0,97.61,1,6,10,8,3,2014,32,496192.787084,625898.205888,747307.86662,733653.779849,452976.8022975571,519333.3178192214,563666.6345663714
2014-08-11,409544.575013,530,78908.0,98.09,0,0,11,8,3,2014,33,509681.7650025,471173.304022,583936.68549,584867.15114,436374.4535996286,502360.0248465429,555667.6340361394
2014-08-12,353898.211991,488,73280.0,97.36,0,1,12,8,3,2014,33,409544.575013,417197.476176,524743.3250017,562860.0268329,427570.34945548564,489903.44552675716,549406.113460175
2014-08-13,372116.544964,623,76370.0,97.57,0,2,13,8,3,2014,33,353898.211991,402914.370941,578056.965281,621336.4939885,418527.5974290572,477700.22316885,541943.1915015357
2014-08-14,340740.8170565,2331,73787.0,95.54,0,3,14,8,3,2014,33,372116.544964,359701.53298899997,532423.558194,498221.7050971,414127.9080037714,462990.1931462071,533042.4790363751
2014-08-15,402631.8400593,4456,81345.0,97.3,1,4,15,8,3,2014,33,340740.8170565,397759.9389829,506826.7949305,547619.0590519,411419.2342991286,449298.5687792428,527418.1616063536
2014-08-16,533996.15517,578,91797.0,97.3,0,5,16,8,3,2014,33,402631.8400593,496192.787084,626533.637869,728988.226204,412115.2201671857,441856.0720027285,522240.04664233216
2014-08-17,564443.173007,559,87306.0,97.3,0,6,17,8,3,2014,33,533996.15517,509681.7650025,625898.205888,776474.1180457,417515.7013223286,435246.2518099429,515276.0441054036
2014-08-18,433042.298907,514,80849.0,96.44,0,0,18,8,3,2014,34,564443.173007,409544.575013,471173.304022,600228.430008,425338.7596086857,430856.60660415713,507703.51035402145
2014-08-19,379329.9530773,512,77282.0,94.35,0,1,19,8,3,2014,34,433042.298907,353898.211991,417197.476176,530276.040011,428695.57730782864,428132.9633816571,501732.5771004143
2014-08-20,398126.790988,582,79897.0,96.4,0,2,20,8,3,2014,34,379329.9530773,372116.544964,402914.370941,574168.635995,432328.6831773,425428.14030317863,496341.64542421076
2014-08-21,355108.8749955,2412,75218.0,93.97,0,3,21,8,3,2014,34,398126.790988,340740.8170565,359701.53298899997,484618.8170115,436044.4326093,425086.1703065357,490054.4366739607
2014-08-22,388359.8983235,4479,78705.0,93.61,0,4,22,8,3,2014,34,355108.8749955,402631.8400593,397759.9389829,579767.285128,438097.0123148714,424758.12330700003,485429.0816019607
2014-08-23,499678.208204,649,89623.0,93.61,0,5,23,8,3,2014,34,388359.8983235,533996.15517,496192.787084,688919.5500267,436058.1634954714,424086.69183132856,478593.10350180004
2014-08-24,528990.5611087,680,85697.0,93.61,1,6,24,8,3,2014,34,499678.208204,564443.173007,509681.7650025,747307.86662,431155.5996431857,424335.65048275713,471834.48415098933
2014-08-25,412250.075007,591,77287.0,95.39,0,0,25,8,3,2014,35,528990.5611087,433042.298907,409544.575013,583936.68549,426090.9408005714,425714.85020462854,464037.4375255857
2014-08-26,355053.9079745,516,74029.0,95.78,0,1,26,8,3,2014,35,412250.075007,379329.9530773,353898.211991,524743.3250017,423120.6231005714,425908.1002042,457905.77286547853
2014-08-27,366321.498077,623,75594.0,95.82,0,2,27,8,3,2014,35,355053.9079745,398126.790988,372116.544964,578056.965281,419652.6166573143,425990.6499173072,451845.43654307857
2014-08-28,327912.427,2175,71897.0,96.44,0,3,28,8,3,2014,35,366321.498077,355108.8749955,340740.8170565,532423.558194,415109.0033843143,425576.7179968072,444283.45557150716
2014-08-29,403288.917062,4268,78280.0,97.86,0,4,29,8,3,2014,35,327912.427,388359.8983235,402631.8400593,506826.7949305,411223.79652781424,424660.4044213429,436979.48660029285
2014-08-30,586373.694132,437,96128.0,97.86,0,5,30,8,3,2014,35,403288.917062,499678.208204,533996.15517,626533.637869,413356.51349045715,424707.33849296434,433281.70524784643
2014-08-31,660088.183052,455,94032.0,97.86,0,6,31,8,3,2014,35,586373.694132,528990.5611087,564443.173007,625898.205888,425741.5829087429,428448.5912759643,431847.4215429536
2014-09-01,812526.219024,633,87941.0,97.86,0,0,1,9,3,2014,36,660088.183052,412250.075007,433042.298907,471173.304022,444469.8146149286,435280.37770775,433068.4921559536
2014-09-02,717351.552768,2300,83895.0,92.92,0,1,2,9,3,2014,36,812526.219024,355053.9079745,379329.9530773,417197.476176,501652.1209030714,462386.37200182147,445259.6676917393
2014-09-03,726683.8617375,4724,83264.0,95.5,0,2,3,9,3,2014,36,717351.552768,366321.498077,398126.790988,402914.370941,553408.9273021428,486530.7719797286,455979.4561414536
2014-09-04,551340.0774347,2657,76357.0,94.51,0,3,4,9,3,2014,36,726683.8617375,327912.427,355108.8749955,359701.53298899997,604889.2649679285,509999.13417612144,467542.65224132856
2014-09-05,603043.241921,4802,79393.0,93.32,0,4,5,9,3,2014,36,551340.0774347,403288.917062,388359.8983235,397759.9389829,636807.5007443142,524015.6486360643,474386.88597153215
2014-09-06,870139.4459765,959,97051.0,93.32,0,5,6,9,3,2014,36,603043.241921,586373.694132,499678.208204,496192.787084,665343.8328670285,539350.1731787429,481718.4325050357
2014-09-07,997964.077948,942,97206.0,93.32,0,6,7,9,3,2014,36,870139.4459765,660088.183052,528990.5611087,509681.7650025,705881.7974162429,565811.6901624928,495073.67032262497
2014-09-08,648651.744928,802,80954.0,92.64,0,0,8,9,3,2014,37,997964.077948,812526.219024,412250.075007,409544.575013,754149.7824013858,599309.7985081571,512512.32435639284
2014-09-09,562420.568002,2511,75647.0,92.73,0,1,9,9,3,2014,37,648651.744928,717351.552768,355053.9079745,353898.211991,730739.1432448142,616195.6320739428,521051.8661390714
2014-09-10,612987.4722337,4874,77110.0,91.71,0,2,10,9,3,2014,37,562420.568002,726683.8617375,366321.498077,372116.544964,708606.1454211,631007.5363616215,528499.0931394643
2014-09-11,483462.953022,2737,73413.0,92.89,0,3,11,9,3,2014,37,612987.4722337,551340.0774347,327912.427,340740.8170565,692363.8040634143,648626.5345156714,537101.6262562393
2014-09-12,564382.847851,4727,77324.0,92.18,0,4,12,9,3,2014,37,483462.953022,603043.241921,403288.917062,402631.8400593,682667.0720044571,659737.2863743856,542198.8453978642
2014-09-13,795802.238124,1018,94599.0,92.18,0,5,13,9,3,2014,37,564382.847851,870139.4459765,586373.694132,533996.15517,677144.1585658857,671243.9957164571,547975.6671047107
2014-09-14,896501.5622945,1020,91685.0,92.18,0,6,14,9,3,2014,37,795802.238124,997964.077948,660088.183052,564443.173007,666524.5574441,686203.1774301714,557325.8843530678
2014-09-15,630710.5728885,870,80209.0,92.86,0,0,15,9,3,2014,38,896501.5622945,648651.744928,812526.219024,433042.298907,652029.9123507428,703089.8473760643,569185.1125419071
2014-09-16,608239.973016,2647,78628.0,94.91,0,1,16,9,3,2014,38,630710.5728885,562420.568002,717351.552768,379329.9530773,649466.8877736714,690103.015509243,576244.6937555321
2014-09-17,617472.3442115,4999,76934.0,94.33,0,2,17,9,3,2014,38,608239.973016,612987.4722337,726683.8617375,398126.790988,656012.5170613857,682309.3312412428,584420.0516104858
2014-09-18,479500.843061,2683,71000.0,93.07,0,3,18,9,3,2014,38,617472.3442115,483462.953022,551340.0774347,355108.8749955,656653.2130582143,674508.5085608143,592253.8213684679
2014-09-19,550213.093909,4614,75575.0,92.43,0,4,19,9,3,2014,38,479500.843061,564382.847851,603043.241921,388359.8983235,656087.1973495,669377.1346769787,596696.3916565215
2014-09-20,808490.763077,898,94175.0,92.43,0,5,20,9,3,2014,38,550213.093909,795802.238124,870139.4459765,499678.208204,654062.9467863572,665603.5526761215,602476.8629274322
2014-09-21,901420.451004,975,91092.0,92.43,0,6,21,9,3,2014,38,808490.763077,896501.5622945,997964.077948,528990.5611087,655875.5932082143,661200.075326157,613505.8827443251
2014-09-22,589120.293928,798,76335.0,91.46,0,0,22,9,3,2014,39,901420.451004,630710.5728885,648651.744928,412250.075007,656578.2915952858,654304.1019730142,626806.9502405857
2014-09-23,559954.304399,2593,74715.0,91.55,0,1,23,9,3,2014,39,589120.293928,608239.973016,562420.568002,355053.9079745,650636.8231723572,650051.8554730143,633123.7437734787
2014-09-24,598183.114508,4837,75802.0,93.6,0,2,24,9,3,2014,39,559954.304399,617472.3442115,612987.4722337,366321.498077,643738.8705127857,649875.6937870858,640441.6150743536
2014-09-25,466867.377076,2489,70769.0,93.59,0,3,25,9,3,2014,39,598183.114508,479500.843061,483462.953022,327912.427,640983.2662694285,648818.2396638214,648722.3870897464
2014-09-26,515474.223943,4319,73141.0,95.55,0,4,26,9,3,2014,39,466867.377076,550213.093909,564382.847851,403288.917062,639178.4854144285,647632.8413819643,653685.063878175
2014-09-27,781202.367982,632,90831.0,95.55,0,5,27,9,3,2014,39,515474.223943,808490.763077,795802.238124,586373.694132,634215.789705,644139.3682456787,657691.6819810679
2014-09-28,886531.789814,739,89876.0,95.55,1,6,28,9,3,2014,39,781202.367982,901420.451004,896501.5622945,660088.183052,630317.4475485714,643096.5203783929,664649.8489042821
2014-09-29,586682.822002,582,76390.0,94.53,0,0,29,9,3,2014,40,886531.789814,589120.293928,630710.5728885,812526.219024,628190.49595,642384.393772643,672737.1205743535
2014-09-30,599093.9157257,2278,77820.0,91.17,0,1,30,9,3,2014,40,586682.822002,559954.304399,608239.973016,717351.552768,627842.2856748571,639239.5544236071,664671.284966425
2014-10-01,784500.253914,4804,84960.0,90.74,0,2,1,10,4,2014,40,599093.9157257,598183.114508,617472.3442115,726683.8617375,633433.6587215286,638586.2646171572,660447.7979292001
2014-10-02,634306.519052,2616,79575.0,91.02,0,3,2,10,4,2014,40,784500.253914,466867.377076,479500.843061,551340.0774347,660050.3929223857,650516.829595907,662512.6690783607
2014-10-03,675639.295098,4482,84217.0,89.76,0,4,3,10,4,2014,40,634306.519052,515474.223943,550213.093909,603043.241921,683970.2703475285,661574.3778809785,665475.7562789787
2014-10-04,931317.51302,735,99718.0,89.76,0,5,4,10,4,2014,40,675639.295098,781202.367982,808490.763077,870139.4459765,706850.9947982429,670533.3922516213,668068.4724638715
2014-10-05,985466.962071,658,94446.0,89.76,0,6,5,10,4,2014,40,931317.51302,886531.789814,901420.451004,997964.077948,728296.0155179572,679306.7315332644,670253.4034297107
2014-10-06,641480.757266,606,80160.0,90.33,0,0,6,10,4,2014,41,985466.962071,586682.822002,589120.293928,648651.744928,742429.6115546713,685310.0537523357,669807.0778626751
2014-10-07,586410.2709706,2353,78066.0,88.89,1,1,7,10,4,2014,41,641480.757266,599093.9157257,559954.304399,562420.568002,750257.8880209571,689050.0868479072,669550.9711604606
2014-10-08,620201.323059,4784,77046.0,87.29,0,2,8,10,4,2014,41,586410.2709706,784500.253914,598183.114508,612987.4722337,748445.9387702286,690939.7987458786,670407.7462664823
2014-10-09,510519.923104,2450,74220.0,85.76,0,3,9,10,4,2014,41,620201.323059,634306.519052,466867.377076,483462.953022,724974.6629338,692512.5279280927,670665.3837959572
2014-10-10,702470.317955,4569,83961.0,85.87,1,4,10,10,4,2014,41,510519.923104,675639.295098,515474.223943,564382.847851,707290.863512657,695630.5669300928,671631.7041560287
2014-10-11,748309.153739,564,91360.0,85.87,0,5,11,10,4,2014,41,702470.317955,931317.51302,781202.367982,795802.238124,711123.8667779427,708987.4307880929,676563.3995168858
2014-10-12,843971.132714,648,86736.0,85.87,0,6,12,10,4,2014,41,748309.153739,985466.962071,886531.789814,896501.5622945,684979.8154520857,706637.9154850214,674867.2179317072
2014-10-13,611726.926015,565,76957.0,85.73,0,0,13,10,4,2014,42,843971.132714,641480.757266,586682.822002,630710.5728885,664766.1255439428,703597.868549307,672991.1311609751
2014-10-14,550589.573294,2357,73921.0,81.72,0,1,14,10,4,2014,42,611726.926015,586410.2709706,599093.9157257,608239.973016,660515.5782223714,705386.7331216643,672313.1437726356
2014-10-15,624797.469491,4945,77781.0,81.82,0,2,15,10,4,2014,42,550589.573294,620201.323059,784500.253914,617472.3442115,655398.3356971428,701922.1372336857,670254.2009254216
2014-10-16,538252.607117,2557,73632.0,82.33,0,3,16,10,4,2014,42,624797.469491,510519.923104,634306.519052,479500.843061,656054.9280445714,690514.7954891857,670515.8125425465
2014-10-17,558538.135999,4551,75640.0,82.8,0,4,17,10,4,2014,42,538252.607117,702470.317955,675639.295098,550213.093909,660016.7400464285,683653.8017795429,672614.0898302607
2014-10-18,820840.970792,769,94313.0,82.8,0,5,18,10,4,2014,42,558538.135999,748309.153739,931317.51302,808490.763077,639454.999767,675289.4332724715,672911.4127620464
2014-10-19,935410.595877,769,92246.0,82.8,0,6,19,10,4,2014,42,820840.970792,843971.132714,985466.962071,901420.451004,649816.6879174287,667398.2516847571,673352.4916090107
2014-10-20,624629.990941,609,78183.0,82.76,0,0,20,10,4,2014,43,935410.595877,611726.926015,641480.757266,589120.293928,662879.4683692857,663822.7969566142,674566.4253544749
2014-10-21,542207.165266,2086,73577.0,83.25,0,1,21,10,4,2014,43,624629.990941,550589.573294,586410.2709706,559954.304399,664722.7633587143,662619.1707905428,675834.628819225
2014-10-22,584926.355993,4755,73816.0,80.52,0,2,22,10,4,2014,43,542207.165266,624797.469491,620201.323059,598183.114508,663525.2764975715,659461.8060973572,675200.8024216179
2014-10-23,492233.2322,2526,71293.0,82.81,0,3,23,10,4,2014,43,584926.355993,538252.607117,510519.923104,466867.377076,657829.4031407143,656942.1655926429,674727.3467603679
2014-10-24,528403.680064,4477,73477.0,81.27,0,4,24,10,4,2014,43,492233.2322,558538.135999,702470.317955,515474.223943,651255.206724,655635.9733852142,675633.2701576536
2014-10-25,758926.230707,1003,92005.0,81.27,0,5,25,10,4,2014,43,528403.680064,820840.970792,748309.153739,781202.367982,646950.2844475714,643202.6421072857,676095.0364476893
2014-10-26,892128.498949,1020,90363.0,81.27,0,6,26,10,4,2014,43,758926.230707,935410.595877,843971.132714,886531.789814,638105.3215782857,643961.0047478572,675299.4601164393
2014-10-27,572806.6319285,583,74434.0,81.26,0,0,27,10,4,2014,44,892128.498949,624629.990941,611726.926015,586682.822002,631922.1648742857,647400.8166217858,675499.3425855465
2014-10-28,512678.811505,2327,72417.0,81.36,0,1,28,10,4,2014,44,572806.6319285,542207.165266,550589.573294,599093.9157257,624518.8278724999,644620.795615607,675003.7643686357
2014-10-29,560819.6780005,4953,74037.0,82.25,0,2,29,10,4,2014,44,512678.811505,584926.355993,624797.469491,784500.253914,620300.4916209286,641912.8840592501,671917.5106464678
2014-10-30,459715.26616,2357,71373.0,81.06,0,3,30,10,4,2014,44,560819.6780005,492233.2322,538252.607117,634306.519052,616856.6804791428,637343.0418099286,663928.9186495572
2014-10-31,561876.0719155,4421,79380.0,80.53,0,4,31,10,4,2014,44,459715.26616,528403.680064,558538.135999,675639.295098,612211.2567591429,631733.2317415714,657693.5167605571
2014-11-01,873539.2478855,975,96265.0,80.53,0,5,1,11,4,2014,44,561876.0719155,758926.230707,820840.970792,931317.51302,616993.0270236429,631971.6557356071,653630.5445040392
2014-11-02,709851.4922288,944,78183.0,80.53,1,6,2,11,4,2014,44,873539.2478855,892128.498949,935410.595877,985466.962071,633366.315192,635735.8183851428,651567.03503495
2014-11-03,973192.041735,690,91982.0,78.77,1,0,3,11,4,2014,45,709851.4922288,572806.6319285,624629.990941,641480.757266,607326.7428034,619624.4538388428,641723.6253977285
2014-11-04,702751.953595,2373,80319.0,77.15,0,1,4,11,4,2014,45,973192.041735,512678.811505,542207.165266,586410.2709706,664524.6584900429,644521.7431812714,653570.456985907
2014-11-05,718799.9390395,4858,80883.0,78.71,0,2,5,11,4,2014,45,702751.953595,560819.6780005,584926.355993,620201.323059,691677.9645028999,655989.2280619143,657725.5170796356
2014-11-06,566118.381055,2519,75527.0,77.87,1,3,6,11,4,2014,45,718799.9390395,459715.26616,492233.2322,510519.923104,714246.5732227572,665551.6268509498,661246.8962217963
2014-11-07,585330.25773,4392,77407.0,78.71,1,4,7,11,4,2014,45,566118.381055,561876.0719155,528403.680064,702470.317955,729447.018207757,670829.13748345,663232.5554343321
2014-11-08,816064.644983,861,93764.0,78.71,0,5,8,11,4,2014,45,585330.25773,873539.2478855,758926.230707,748309.153739,732797.6161812572,674895.32160245,659048.9818548679
2014-11-09,941478.422301,956,92456.0,78.71,0,6,9,11,4,2014,45,816064.644983,709851.4922288,892128.498949,843971.132714,724586.9586237572,678976.6369078784,661468.8208278678
2014-11-10,593376.793073,540,75496.0,77.43,1,0,10,11,4,2014,46,941478.422301,973192.041735,572806.6319285,611726.926015,757676.5200626429,682501.6314330214,664951.2240274035
2014-11-11,552505.750307,2362,73496.0,77.85,1,1,11,11,4,2014,46,593376.793073,702751.953595,512678.811505,550589.573294,703417.1988252142,683970.9286576285,664295.862136618
2014-11-12,588093.484021,4810,75032.0,77.16,1,2,12,11,4,2014,46,552505.750307,718799.9390395,560819.6780005,624797.469491,681953.4554983572,686815.7100006286,664364.2970299392
2014-11-13,468057.386823,2503,71007.0,74.13,0,3,13,11,4,2014,46,588093.484021,566118.381055,459715.26616,538252.607117,663281.1047814285,688763.8390020927,663053.4404060106
2014-11-14,553007.970965,4434,76645.0,75.91,0,4,14,11,4,2014,46,468057.386823,585330.25773,561876.0719155,558538.135999,649272.3913197143,689359.7047637356,660546.4682526536
2014-11-15,786124.201177,1184,92867.0,75.91,0,5,15,11,4,2014,46,553007.970965,816064.644983,873539.2478855,820840.970792,644654.9217818571,688726.2689815571,660348.9623585821
2014-11-16,956619.401927,1058,92544.0,75.91,0,6,16,11,4,2014,46,786124.201177,941478.422301,709851.4922288,935410.595877,640377.715523857,682482.3370738073,659109.077729475
2014-11-17,620876.340058,754,77532.0,75.64,0,0,17,11,4,2014,47,956619.401927,593376.793073,973192.041735,624629.990941,642540.7126132856,700108.6163379643,659866.5350884035
2014-11-18,553367.204141,2663,74317.0,74.55,0,1,18,11,4,2014,47,620876.340058,552505.750307,702751.953595,542207.165266,646469.2193254286,674943.2090753214,659732.4761282966
2014-11-19,580234.0113007,5147,72588.0,74.55,0,2,19,11,4,2014,47,553367.204141,588093.484021,718799.9390395,584926.355993,646592.2841588572,664272.8698286071,660131.0489452606
2014-11-20,511855.7610447,2824,73630.0,75.63,0,3,20,11,4,2014,47,580234.0113007,468057.386823,566118.381055,492233.2322,645469.5023416715,654375.30356155,659963.46520625
2014-11-21,567978.732759,4573,77423.0,76.52,0,4,21,11,4,2014,47,511855.7610447,553007.970965,585330.25773,528403.680064,651726.4129447713,650499.4021322428,660664.2698078464
2014-11-22,763720.148593,868,91986.0,76.52,0,5,22,11,4,2014,47,567978.732759,786124.201177,816064.644983,758926.230707,653865.0932010572,649260.0074914572,662077.6645469535
2014-11-23,907432.656994,973,90947.0,76.52,0,6,23,11,4,2014,47,763720.148593,956619.401927,941478.422301,892128.498949,650664.5142604858,645521.1148921715,662248.8759000251
2014-11-24,610847.95702,710,76731.0,75.74,0,0,24,11,4,2014,48,907432.656994,620876.340058,593376.793073,572806.6319285,643637.8364129143,643089.2745131,662795.4529730607
2014-11-25,541225.608011,2544,73268.0,74.04,0,1,25,11,4,2014,48,610847.95702,553367.204141,552505.750307,512678.811505,642205.2102646286,644337.2147950286,664154.0717263286
2014-11-26,579125.306002,5021,74865.0,73.7,0,2,26,11,4,2014,48,541225.608011,580234.0113007,588093.484021,560819.6780005,640470.6965317714,643531.4903453143,665173.6001729715
2014-11-27,475823.897052,2774,71278.0,73.7,0,3,27,11,4,2014,48,579125.306002,511855.7610447,468057.386823,459715.26616,640312.3100605287,642890.9062011,665827.3726015964
2014-11-28,559619.825094,4654,78509.0,65.94,1,4,28,11,4,2014,48,475823.897052,567978.732759,553007.970965,561876.0719155,635164.9009187144,643445.6569317428,666402.6808477392
2014-11-29,850925.105136,994,96504.0,65.94,0,5,29,11,4,2014,48,559619.825094,763720.148593,786124.201177,873539.2478855,633970.7712522857,643917.9322266715,666322.1006041142
2014-11-30,1023691.281592,1076,96847.0,65.94,0,6,30,11,4,2014,48,850925.105136,907432.656994,956619.401927,709851.4922288,646428.622187,648546.5682237429,665514.452648775
2014-12-01,817413.561974,1423,86943.0,68.98,1,0,1,12,4,2014,49,1023691.281592,610847.95702,620876.340058,973192.041735,663036.9971295714,653337.416771243,676723.0165546036
2014-12-02,735319.1840285,3045,84903.0,66.99,0,1,2,12,4,2014,49,817413.561974,541225.608011,553367.204141,702751.953595,692546.3692658572,667375.7897652427,671159.4994202822
2014-12-03,715127.614539,5359,82957.0,67.3,0,2,3,12,4,2014,49,735319.1840285,579125.306002,580234.0113007,718799.9390395,720274.0229826429,680372.3597572071,672322.614792907
2014-12-04,578961.517004,3216,79357.0,66.73,0,3,4,12,4,2014,49,715127.614539,475823.897052,511855.7610447,566118.381055,739702.9242022142,690007.6171313713,672191.4603464607
2014-12-05,635445.153317,4849,84023.0,65.89,1,4,5,12,4,2014,49,578961.517004,559619.825094,567978.732759,585330.25773,754436.869909643,694800.8854141785,672650.1437732106
2014-12-06,829386.70612,1151,95549.0,65.89,1,5,6,12,4,2014,49,635445.153317,850925.105136,763720.148593,816064.644983,765269.0596557857,699619.9154540356,674439.9614727463
2014-12-07,1013889.8074,1165,97587.0,65.89,0,6,7,12,4,2014,49,829386.70612,1023691.281592,907432.656994,941478.422301,762192.1455106429,704310.3838488214,674915.7493704964
2014-12-08,790283.289992,922,86182.0,63.13,1,0,8,12,4,2014,50,1013889.8074,817413.561974,610847.95702,593376.793073,760791.9349117856,711914.4660206785,677501.8702668893
2014-12-09,665123.962957,2992,82255.0,63.74,0,1,9,12,4,2014,50,790283.289992,735319.1840285,541225.608011,552505.750307,756916.1817714999,724731.2755186785,684534.2451568535
2014-12-10,732121.033873,5562,84084.0,60.99,0,2,10,12,4,2014,50,665123.962957,715127.614539,579125.306002,588093.484021,746888.293047,733581.1580148215,688556.3241800679
2014-12-11,580542.178879,3159,83115.0,60.01,0,3,11,12,4,2014,50,732121.033873,578961.517004,475823.897052,468057.386823,749315.9243804285,744509.4242913214,693700.1652462108
2014-12-12,642760.387245,4853,86621.0,57.81,0,4,12,12,4,2014,50,580542.178879,635445.153317,559619.825094,553007.970965,749541.7332197143,751989.3015646785,697717.4792482107
2014-12-13,854830.905829,1261,104404.0,57.81,0,5,13,12,4,2014,50,642760.387245,829386.70612,850925.105136,786124.201177,750586.7666379999,757927.9131468929,700922.9226867821
2014-12-14,999106.1325775,1410,102605.0,57.81,0,6,14,12,4,2014,50,854830.905829,1013889.8074,1023691.281592,956619.401927,754221.6523107142,758206.8989106786,703376.7335672107
2014-12-15,790182.945791,1025,94336.0,55.96,0,0,15,12,4,2014,51,999106.1325775,790283.289992,817413.561974,620876.340058,752109.6987646429,756450.8168382142,704894.1168047285
2014-12-16,799067.056179,2973,96222.0,55.97,0,1,16,12,4,2014,51,790182.945791,665123.962957,735319.1840285,553367.204141,752095.3638787857,754505.772825143,710940.7812951928
2014-12-17,779966.499188,5290,99887.0,56.43,0,2,17,12,4,2014,51,799067.056179,732121.033873,715127.614539,580234.0113007,771230.0914819286,759059.1922644643,719715.7760108357
2014-12-18,731938.479893,3179,102225.0,54.18,0,3,18,12,4,2014,51,779966.499188,580542.178879,578961.517004,511855.7610447,778065.1579555,763690.5411679643,726849.0791496679
2014-12-19,757349.3758179,4940,104187.0,56.91,0,4,19,12,4,2014,51,731938.479893,642760.387245,635445.153317,567978.732759,799693.2009575,774617.4670886071,734709.1762513928
2014-12-20,935555.52434,1534,118293.0,56.91,1,5,20,12,4,2014,51,757349.3758179,854830.905829,829386.70612,763720.148593,816063.0564679143,783324.9115529571,741472.4135034963
2014-12-21,1056605.2012285,1579,118694.0,56.91,1,6,21,12,4,2014,51,935555.52434,999106.1325775,1013889.8074,907432.656994,827595.1448266285,790908.3985686714,747609.3912087464
2014-12-22,1008143.3460193,1582,134574.0,55.25,1,0,22,12,4,2014,52,1056605.2012285,790182.945791,790283.289992,610847.95702,835809.2974910572,793959.49812785,752936.9820742642
2014-12-23,1064977.9730725,3365,144513.0,56.78,1,1,23,12,4,2014,52,1008143.3460193,799067.056179,665123.962957,541225.608011,866946.4975236714,809520.9307012287,767126.1031099536
2014-12-24,965982.871715,5828,156546.0,55.7,1,2,24,12,4,2014,52,1064977.9730725,779966.499188,732121.033873,579125.306002,904933.7713655999,838081.9314237643,785831.5447192928
2014-12-26,872098.456795,5714,108760.0,54.59,1,4,26,12,4,2014,52,965982.871715,731938.479893,580542.178879,475823.897052,931507.5388694572,854786.3484124785,799647.8863519001
2014-12-27,740596.158932,1747,98956.0,54.59,0,5,27,12,4,2014,52,872098.456795,757349.3758179,642760.387245,559619.825094,951530.3927126,875611.7968350501,813800.5491998643
2014-12-28,716329.635071,1859,86890.0,54.59,0,6,28,12,4,2014,52,740596.158932,935555.52434,854830.905829,850925.105136,949137.0760146144,882600.0662412642,820263.9896940786
2014-12-29,773998.401175,1783,100363.0,53.46,0,0,29,12,4,2014,1,716329.635071,1056605.2012285,999106.1325775,1023691.281592,917819.0918333287,872707.1183299785,815457.0086203285
2014-12-30,912970.533204,3494,117100.0,54.14,0,1,30,12,4,2014,1,773998.401175,1008143.3460193,790182.945791,817413.561974,877446.6918256858,856627.9946583714,806539.4057482928
2014-12-31,844380.469674,5648,126952.0,53.45,1,2,31,12,4,2014,1,912970.533204,1064977.9730725,799067.056179,735319.1840285,863850.5757092143,865398.5366164428,809952.1547207928
2015-01-01,12773.61698,12,2202.0,53.45,1,3,1,1,1,2015,1,844380.469674,965982.871715,779966.499188,715127.614539,832336.6466522858,868635.2090089429,813847.2006367036
2015-01-02,657763.391981,4949,96809.0,52.72,1,4,2,1,1,2015,1,12773.61698,872098.456795,731938.479893,578961.517004,696163.895975857,813835.7174226571,788763.1292953107
2015-01-03,648880.686926,1306,96288.0,52.72,0,5,3,1,1,2015,1,657763.391981,740596.158932,757349.3758179,635445.153317,665544.6010024286,808537.4968575144,791577.4819730608
2015-01-04,730923.776022,1295,94496.0,52.72,0,6,4,1,1,2015,1,648880.686926,716329.635071,935555.52434,829386.70612,652442.3907158572,800789.7333652357,792057.3224590964
2015-01-05,569267.29796,1148,88880.0,50.05,0,0,5,1,1,2015,2,730923.776022,773998.401175,1056605.2012285,1013889.8074,654527.2679945715,786173.17991395,788540.7892413108
2015-01-06,477886.741053,1042,82581.0,47.98,0,1,6,1,1,2015,2,569267.29796,912970.533204,1008143.3460193,790283.289992,625279.9675352856,751363.3296804858,772661.4139041678
2015-01-07,494160.850117,1291,83804.0,48.69,0,2,7,1,1,2015,2,477886.741053,844380.469674,1064977.9730725,665123.962957,563125.1400851428,713487.8578971785,761504.3942992036
2015-01-08,417482.689131,3063,77474.0,48.8,0,3,8,1,1,2015,2,494160.850117,12773.61698,965982.871715,732121.033873,513093.7658627143,672715.2062575,755398.5688406321
2015-01-09,439381.226073,4761,79379.0,48.35,0,4,9,1,1,2015,2,417482.689131,657763.391981,872098.456795,580542.178879,570909.3475985714,633536.6217872144,744161.4850998465
2015-01-10,569956.90801,954,92717.0,48.35,1,5,10,1,1,2015,2,439381.226073,648880.686926,740596.158932,642760.387245,539711.8953259999,602628.2481642143,739120.0224996321
2015-01-11,694860.9511,1058,94679.0,48.35,0,6,11,1,1,2015,2,569956.90801,730923.776022,716329.635071,854830.905829,528437.0697665715,590439.7302412143,736519.8982412394
2015-01-12,442845.544014,1043,79557.0,46.06,0,0,12,1,1,2015,3,694860.9511,569267.29796,773998.401175,999106.1325775,523285.2376348571,588906.2528147142,730806.6855723464
2015-01-13,393799.993059,1213,75846.0,45.92,0,1,13,1,1,2015,3,442845.544014,477886.741053,912970.533204,790182.945791,505224.9870711429,565252.4773032143,710940.2359807929
2015-01-14,400923.97107,1586,77003.0,48.49,0,2,14,1,1,2015,3,393799.993059,494160.850117,844380.469674,799067.056179,493212.59450057143,528168.8672928571,696783.70195465
2015-01-15,371146.144942,2608,73949.0,46.37,0,3,15,1,1,2015,3,400923.97107,417482.689131,12773.61698,779966.499188,479893.040351,496493.40310685715,682564.3060579001
2015-01-16,423599.9357975,4510,76133.0,48.49,0,4,16,1,1,2015,3,371146.144942,439381.226073,657763.391981,731938.479893,473273.53403828567,522091.4408184286,667963.5791205429
2015-01-17,621865.434007,712,96331.0,48.49,0,5,17,1,1,2015,3,423599.9357975,569956.90801,648880.686926,757349.3758179,471019.0639989286,505365.47966246435,656951.4882599892
2015-01-18,678277.030991,577,92139.0,48.49,0,6,18,1,1,2015,3,621865.434007,694860.9511,730923.776022,935555.52434,478434.5677127857,503435.8187396786,652112.7760524572
2015-01-19,448217.896919,588,77981.0,48.49,0,0,19,1,1,2015,4,678277.030991,442845.544014,569267.29796,1056605.2012285,476065.4362686429,499675.33695175,642924.2584328501
2015-01-20,405308.77722,569,75810.0,46.79,0,1,20,1,1,2015,4,448217.896919,393799.993059,477886.741053,1008143.3460193,476832.9152550715,491028.9511631071,621196.1404217964
2015-01-21,413202.592067,697,77316.0,47.85,0,2,21,1,1,2015,4,405308.77722,400923.97107,494160.850117,1064977.9730725,478477.02727807144,485844.81088932144,599666.3343932499
2015-01-22,364862.5390355,2598,73150.0,45.93,0,3,22,1,1,2015,4,413202.592067,371146.144942,417482.689131,965982.871715,480231.1159919286,480062.07817146427,576388.6422144821
2015-01-23,416937.181925,4475,76086.0,45.26,0,4,23,1,1,2015,4,364862.5390355,423599.9357975,439381.226073,872098.456795,479333.45800528576,476303.4960217857,554920.0589045
2015-01-24,588849.871003,632,94292.0,45.26,0,5,24,1,1,2015,4,416937.181925,621865.434007,569956.90801,740596.158932,478381.6360235,474700.35001121426,538664.2990877143
2015-01-25,631623.951015,616,89418.0,45.26,0,6,25,1,1,2015,4,588849.871003,678277.030991,694860.9511,716329.635071,473665.12702292856,476049.8473678572,533244.7888045356
2015-01-26,410009.617966,540,74534.0,44.8,0,0,26,1,1,2015,5,631623.951015,448217.896919,442845.544014,773998.401175,467000.4013120714,471532.91879035713,530219.5858025358
2015-01-27,360009.850046,560,71018.0,45.84,0,1,27,1,1,2015,5,410009.617966,405308.77722,393799.993059,912970.533204,461542.07574735716,469187.49550121423,517219.98640221433
2015-01-28,376935.916035,639,73108.0,44.08,0,2,28,1,1,2015,5,360009.850046,413202.592067,400923.97107,844380.469674,455070.80043678574,466773.91385742853,497471.39057514287
2015-01-29,343062.160973,2696,70000.0,44.12,0,3,29,1,1,2015,5,376935.916035,364862.5390355,371146.144942,12773.61698,449889.84671792854,465060.4813549286,480776.9422308929
2015-01-30,435899.6719165,4647,79491.0,47.79,0,4,30,1,1,2015,5,343062.160973,416937.181925,423599.9357975,657763.391981,446775.5069947142,463054.4825,492572.9616592143
2015-01-31,656205.841844,763,96588.0,47.79,0,5,31,1,1,2015,5,435899.6719165,588849.871003,621865.434007,648880.686926,449484.43413635716,463933.0350799285,484649.2573711964
2015-02-01,815294.475951,727,98364.0,47.79,0,6,1,2,1,2015,5,656205.841844,631623.951015,678277.030991,730923.776022,459106.7156850714,466385.92135399993,484910.87004683923
2015-02-02,538301.886974,653,84117.0,49.25,0,0,2,2,1,2015,6,815294.475951,410009.617966,448217.896919,569267.29796,485345.3621045,476172.8817082857,487924.1093300179
2015-02-03,475249.842928,583,80387.0,53.04,0,1,3,2,1,2015,6,538301.886974,360009.850046,405308.77722,477886.741053,503672.8291056428,482607.45242650004,486818.20179480355
2015-02-04,451923.147059,687,80565.0,48.45,0,2,4,2,1,2015,6,475249.842928,376935.916035,413202.592067,494160.850117,520135.6852316428,487603.24283421424,486724.0268617678
2015-02-05,407491.967944,2640,78116.0,50.48,0,3,5,2,1,2015,6,451923.147059,343062.160973,364862.5390355,417482.689131,530848.1468065,490368.9967622143,485215.5374668393
2015-02-06,437147.54517,4645,79259.0,51.66,0,4,6,2,1,2015,6,407491.967944,435899.6719165,416937.181925,439381.226073,540052.4049452143,493413.95596996427,484858.725995875
2015-02-07,599911.594879,721,94991.0,51.66,0,5,7,2,1,2015,6,437147.54517,656205.841844,588849.871003,569956.90801,540230.6725528572,494857.55334460706,484778.9516779107
2015-02-08,622994.231951,690,88360.0,51.66,0,6,8,2,1,2015,6,599911.594879,815294.475951,631623.951015,694860.9511,532188.6372721429,495647.6764786071,485848.7619232321
2015-02-09,458002.152043,722,79999.0,52.99,0,0,9,2,1,2015,7,622994.231951,538301.886974,410009.617966,442845.544014,504717.1738435714,495031.26797403576,483282.09338219644
2015-02-10,400825.9849177,694,76983.0,50.06,0,1,10,2,1,2015,7,458002.152043,475249.842928,360009.850046,393799.993059,493245.78313914285,498459.3061223929,483823.4008118036
2015-02-11,400115.3330245,766,78118.0,48.8,0,2,11,2,1,2015,7,400825.9849177,451923.147059,376935.916035,400923.97107,482613.8034233857,501374.7443275143,484074.32909247145
2015-02-12,384963.142969,2613,78137.0,51.17,0,3,12,2,1,2015,7,400115.3330245,407491.967944,343062.160973,371146.144942,475212.68713274284,503030.41696962144,484045.449162275
2015-02-13,493265.468013,4536,95708.0,52.66,0,4,13,2,1,2015,7,384963.142969,437147.54517,435899.6719165,423599.9357975,471994.2835648857,506023.34425505,484538.91337752494
2015-02-14,562855.068099,697,105818.0,52.66,0,5,14,2,1,2015,7,493265.468013,599911.594879,656205.841844,621865.434007,480011.12968531426,510120.9011190858,487026.9680995071
2015-02-15,434886.671834,576,77512.0,52.66,0,6,15,2,1,2015,7,562855.068099,622994.231951,815294.475951,678277.030991,474717.3401453142,503452.9887087285,484919.4550313643
2015-02-16,420740.903983,574,75439.0,52.66,1,0,16,2,1,2015,8,434886.671834,458002.152043,538301.886974,448217.896919,447844.8315571714,476281.0027003715,476226.9422043286
2015-02-17,483088.13409300003,609,79643.0,53.56,1,1,17,2,1,2015,8,420740.903983,400825.9849177,475249.842928,405308.77722,442521.79612002854,467883.7896295857,475245.62102804286
2015-02-18,497499.057967,670,85992.0,52.13,0,2,18,2,1,2015,8,483088.13409300003,400115.3330245,451923.147059,413202.592067,454273.5317165,468443.6675699429,478023.45520207856
2015-02-19,436360.905914,2616,78446.0,51.12,0,3,19,2,1,2015,8,497499.057967,384963.142969,407491.967944,364862.5390355,468185.49242257146,471699.0897776572,481034.0432699357
2015-02-20,483681.015026,4387,84726.0,49.95,0,4,20,2,1,2015,8,436360.905914,493265.468013,437147.54517,416937.181925,475528.0299861428,473761.1567755143,483587.55637273926
2015-02-21,572753.075038,443,92718.0,49.95,0,5,21,2,1,2015,8,483681.015026,562855.068099,599911.594879,588849.871003,474158.8224165715,477084.97605094285,485971.26469777507
2015-02-22,691339.067796,573,95074.0,49.95,0,6,22,2,1,2015,8,572753.075038,434886.671834,622994.231951,631623.951015,475572.82340785715,475145.0817765857,485396.37912759645
2015-02-23,443349.890841,425,76355.0,49.56,0,0,23,2,1,2015,9,691339.067796,420740.903983,458002.152043,410009.617966,512208.87997385714,480026.85576551425,487529.06186977495
2015-02-24,407890.277971,411,76065.0,48.48,0,1,24,2,1,2015,9,443349.890841,483088.13409300003,400825.9849177,360009.850046,515438.7352392857,478980.2656796571,488719.785901025
2015-02-25,395774.954032,476,75253.0,50.25,0,2,25,2,1,2015,9,407890.277971,497499.057967,400115.3330245,376935.916035,504696.1843647143,479484.8580406071,490429.8011840607
2015-02-26,354938.226975,2631,71797.0,47.65,0,3,26,2,1,2015,9,395774.954032,436360.905914,384963.142969,343062.160973,490164.16951685713,479174.83096971427,491102.6239696679
2015-02-27,436488.424914,4475,80395.0,49.84,0,4,27,2,1,2015,9,354938.226975,483681.015026,493265.468013,435899.6719165,478532.35823985713,477030.194113,491526.769184025
2015-02-28,635263.400075,504,97647.0,49.84,0,5,28,2,1,2015,9,436488.424914,572753.075038,562855.068099,656205.841844,471790.5596524286,472974.69103449996,491547.7960767929
2015-03-01,820434.978924,617,100885.0,49.84,0,6,1,3,1,2015,9,635263.400075,691339.067796,434886.671834,815294.475951,480720.60608628567,478146.71474707144,490799.85172790004
2015-03-02,546037.787999,464,84649.0,49.59,1,0,2,3,1,2015,10,820434.978924,443349.890841,420740.903983,538301.886974,499162.8791045714,505685.87953921425,490983.4411197929
2015-03-03,492365.24083,571,83100.0,50.43,0,1,3,3,1,2015,10,546037.787999,407890.277971,483088.13409300003,475249.842928,513832.5786985715,514635.6569689286,491259.7232992571
2015-03-04,483330.548167,608,84199.0,51.53,0,2,4,3,1,2015,10,492365.24083,395774.954032,497499.057967,451923.147059,525900.4305355714,515298.3074501428,491870.98751004285
2015-03-05,428599.809059,2679,79040.0,50.76,0,3,5,3,1,2015,10,483330.548167,354938.226975,436360.905914,407491.967944,538408.3725548572,514286.27103585715,492992.6804067571
2015-03-06,463723.974873,4451,82542.0,49.61,0,4,6,3,1,2015,10,428599.809059,436488.424914,483681.015026,437147.54517,548931.4557097143,513731.90697478567,493746.53187515
2015-03-07,657377.210913,660,102516.0,49.61,0,5,7,3,1,2015,10,463723.974873,635263.400075,572753.075038,599911.594879,552822.2485610001,512306.4041067143,494695.69007882854
2015-03-08,659563.411966,538,95738.0,49.61,0,6,8,3,1,2015,10,657377.210913,820434.978924,691339.067796,622994.231951,555981.364395,518350.9852406429,496748.0335086143
2015-03-09,480371.950086,557,83173.0,49.95,0,0,9,3,1,2015,11,659563.411966,546037.787999,443349.890841,458002.152043,532999.7119724286,516081.2955385,498054.07565200713
2015-03-10,457881.7640763,567,82922.0,48.42,0,1,10,3,1,2015,11,480371.950086,492365.24083,407890.277971,400825.9849177,523618.8779848571,518725.72834171436,498852.9970106857
2015-03-11,425617.727075,572,80024.0,48.06,0,2,11,3,1,2015,11,457881.7640763,483330.548167,395774.954032,400115.3330245,518692.66702004283,522296.54877780715,500890.7034092071
2015-03-12,382588.6690535,2664,75430.0,47.12,0,3,12,3,1,2015,11,425617.727075,428599.809059,354938.226975,384963.142969,510447.97829261434,524428.1754237356,501801.50319672504
2015-03-13,434805.995204,4501,80200.0,44.88,0,4,13,3,1,2015,11,382588.6690535,463723.974873,436488.424914,493265.468013,503874.9582918286,526403.2070007714,501716.70055688574
2015-03-14,616609.760896,649,98468.0,44.88,0,5,14,3,1,2015,11,434805.995204,657377.210913,635263.400075,562855.068099,499743.81833911425,526283.0334500571,499628.8622422786
2015-03-15,662700.871933,636,93123.0,44.88,0,6,15,3,1,2015,11,616609.760896,659563.411966,820434.978924,434886.671834,493919.89690811426,524950.6306515571,501548.67269931425
2015-03-16,466598.425914,597,81430.0,43.93,0,0,16,3,1,2015,12,662700.871933,480371.950086,546037.787999,420740.903983,494368.10547482857,513683.9087236286,509684.89413142146
2015-03-17,415359.51603,581,77689.0,43.39,0,1,17,3,1,2015,12,466598.425914,457881.7640763,492365.24083,483088.13409300003,492400.4591645429,508009.6685747,511322.6627718142
2015-03-18,398629.999994,600,75660.0,44.63,0,2,18,3,1,2015,12,415359.51603,425617.727075,483330.548167,497499.057967,486325.8523007858,502509.2596604143,508903.78355527855
2015-03-19,373324.3829895,2698,74414.0,44.02,0,3,19,3,1,2015,12,398629.999994,382588.6690535,428599.809059,436360.905914,482470.4627177857,496459.2205052,505372.74577052856
2015-03-20,467687.945081,4477,83777.0,46.0,0,4,20,3,1,2015,12,373324.3829895,434805.995204,463723.974873,483681.015026,481146.9932800714,492510.97578595,503121.4413803679
2015-03-21,624099.228222,597,99233.0,46.0,0,5,21,3,1,2015,12,467687.945081,616609.760896,657377.210913,572753.075038,485844.41469107143,492794.1165150929,502550.26031090354
2015-03-22,646466.401887,666,93794.0,46.0,0,6,22,3,1,2015,12,624099.228222,662700.871933,659563.411966,691339.067796,486914.3385947857,490417.11775145,504384.0514960465
2015-03-23,462664.2370045,543,80606.0,47.4,0,0,23,3,1,2015,13,646466.401887,466598.425914,480371.950086,443349.890841,484595.12858821434,489481.61703152145,502781.45628501073
2015-03-24,407369.722015,445,77293.0,47.03,0,1,24,3,1,2015,13,462664.2370045,415359.51603,457881.7640763,407890.277971,484033.10160114284,488216.7803828429,503471.25436227856
2015-03-25,408258.189916,579,77842.0,48.75,0,2,25,3,1,2015,13,407369.722015,398629.999994,425617.727075,395774.954032,482891.7024561428,484608.77737846423,503452.66307813575
2015-03-26,367006.957001,2769,73600.0,51.41,0,3,26,3,1,2015,13,408258.189916,373324.3829895,382588.6690535,354938.226975,484267.1581592857,483368.8104385357,503898.49293113576
2015-03-27,436906.608975,4596,80951.0,48.83,0,4,27,3,1,2015,13,367006.957001,467687.945081,434805.995204,436488.424914,483364.66873235715,482255.8310062143,504329.51900349284
2015-03-28,589854.7040575,587,94064.0,48.83,0,5,28,3,1,2015,13,436906.608975,624099.228222,616609.760896,635263.400075,478967.33500292856,482405.874847,504344.4541485286
2015-03-29,641213.770163,669,91104.0,48.83,0,6,29,3,1,2015,13,589854.7040575,646466.401887,662700.871933,820434.978924,474075.2601222857,480494.7993585357,502722.7150050464
2015-03-30,437878.834978,632,77318.0,48.66,0,0,30,3,1,2015,14,641213.770163,462664.2370045,466598.425914,546037.787999,473324.8841617143,478960.0063749642,496321.9575492964
2015-03-31,443278.893073,590,80716.0,47.72,0,1,31,3,1,2015,14,437878.834978,407369.722015,415359.51603,492365.24083,469784.1124436428,476908.60702239285,492459.13779854646
2015-04-01,557223.161038,777,89824.0,50.12,1,2,1,4,2,2015,14,443278.893073,408258.189916,398629.999994,483330.548167,474913.9940233571,478902.84823975,490706.05395008216
2015-04-02,524588.902022,2854,90983.0,49.13,0,3,2,4,2,2015,14,557223.161038,367006.957001,373324.3829895,428599.809059,496194.7041836428,490230.93117146427,493345.0758383322
2015-04-03,510296.785948,4598,85946.0,49.13,1,4,3,4,2,2015,14,524588.902022,436906.608975,467687.945081,463723.974873,518706.41061521426,501035.53967378574,496773.2577298678
2015-04-04,653894.195903,712,99813.0,49.13,0,5,4,4,2,2015,14,510296.785948,589854.7040575,624099.228222,657377.210913,529190.7216113572,504079.02830714284,498436.5724111179
2015-04-05,659669.577136,707,91181.0,49.13,0,6,5,4,2,2015,14,653894.195903,641213.770163,646466.401887,659563.411966,538339.2204464285,506207.2402843571,498312.1790179036
2015-04-06,519734.816963,578,85469.0,52.08,0,0,6,4,2,2015,15,659669.577136,437878.834978,462664.2370045,480371.950086,540975.7642997142,507150.3242307143,498315.9706311179
2015-04-07,464788.21798,631,81779.0,53.95,0,1,7,4,2,2015,15,519734.816963,443278.893073,407369.722015,457881.7640763,552669.4760118572,511226.79422775,499721.78730529646
2015-04-08,461140.213006,753,81262.0,50.44,0,2,8,4,2,2015,15,464788.21798,557223.161038,408258.189916,425617.727075,555742.236712857,515328.11536810716,499968.4463732857
2015-04-09,398718.315935,2883,76461.0,50.79,0,3,9,4,2,2015,15,461140.213006,524588.902022,367006.957001,382588.6690535,542016.1012797143,519105.40273167857,501237.10658510716
2015-04-10,445869.298012,4725,81510.0,51.63,0,4,10,4,2,2015,15,398718.315935,510296.785948,436906.608975,434805.995204,524034.58898157143,521370.4997983928,501813.16540230357
2015-04-11,610603.017074,736,97337.0,51.63,0,5,11,4,2,2015,15,445869.298012,653894.195903,589854.7040575,616609.760896,514830.6621335714,522010.6918724643,502208.28335973213
2015-04-12,659939.024086,715,95678.0,51.63,1,6,12,4,2,2015,15,610603.017074,659669.577136,641213.770163,662700.871933,508646.2080151429,523492.7142307857,501993.7567946607
2015-04-13,453724.756048,643,82116.0,51.95,0,0,13,4,2,2015,16,659939.024086,519734.816963,437878.834978,466598.425914,508684.7004365715,524830.2323681428,501895.11937155353
2015-04-14,403623.396979,666,75244.0,53.3,1,1,14,4,2,2015,16,453724.756048,464788.21798,443278.893073,415359.51603,499254.6917344286,525962.0838731428,501435.3454477679
2015-04-15,438106.287965,739,80265.0,56.25,0,2,15,4,2,2015,16,403623.396979,461140.213006,557223.161038,398629.999994,490516.86016285716,523129.5484378571,501016.19833880354
2015-04-16,418643.193957,3374,77637.0,56.69,0,3,16,4,2,2015,16,438106.287965,398718.315935,524588.902022,373324.3829895,487226.2994427144,514621.2003612143,502426.06576633925
2015-04-17,456303.236748,5102,80726.0,55.71,0,4,17,4,2,2015,16,418643.193957,445869.298012,510296.785948,467687.945081,490072.7105887142,507053.64978514286,504044.5947294643
2015-04-18,629155.66071,1195,99304.0,55.71,0,5,18,4,2,2015,16,456303.236748,610603.017074,653894.195903,624099.228222,491563.27326528577,503196.96769942855,503637.9980032858
2015-04-19,684544.950159,1249,94790.0,55.71,0,6,19,4,2,2015,16,629155.66071,659939.024086,659669.577136,646466.401887,494213.65092757146,501429.9294713572,503818.5848778571
2015-04-20,481694.770966,1146,82615.0,56.37,0,0,20,4,2,2015,17,684544.950159,453724.756048,519734.816963,462664.2370045,497728.7832237143,503206.7418301428,505178.5330304286
2015-04-21,426018.313035,1090,78187.0,55.58,1,1,21,4,2,2015,17,481694.770966,403623.396979,464788.21798,407369.722015,501724.4996405714,500489.5956875,505858.194957625
2015-04-22,421108.210059,1250,78529.0,56.17,0,2,22,4,2,2015,17,426018.313035,438106.287965,461140.213006,408258.189916,504923.7733628571,497720.31676285714,506524.2160654821
2015-04-23,392147.042002,3300,75289.0,56.59,0,3,23,4,2,2015,17,421108.210059,418643.193957,398718.315935,367006.957001,502495.4765191428,494860.8879809286,506983.14535630355
2015-04-24,437625.507963,5216,79301.0,55.98,0,4,24,4,2,2015,17,392147.042002,456303.236748,445869.298012,436906.608975,498710.3119541429,494391.5112714286,507881.0055349107
2015-04-25,588781.512939,1185,95572.0,55.98,0,5,25,4,2,2015,17,437625.507963,629155.66071,610603.017074,589854.7040575,496042.0649848571,493802.6691250714,507906.6804987678
2015-04-26,625901.000988,1169,90784.0,55.98,0,6,26,4,2,2015,17,588781.512939,684544.950159,659939.024086,641213.770163,490274.329589,492243.9902582857,507868.35224453575
2015-04-27,425049.148087,1046,77486.0,55.56,0,0,27,4,2,2015,18,625901.000988,481694.770966,453724.756048,437878.834978,481896.6225645714,489812.7028941429,507321.4676311429
2015-04-28,374839.1850745,1057,73013.0,57.05,0,1,28,4,2,2015,18,425049.148087,426018.313035,403623.396979,443278.893073,473804.39072471426,487764.44518264284,506863.2645278928
2015-04-29,398724.330055,1012,75690.0,58.55,0,2,29,4,2,2015,18,374839.1850745,421108.210059,438106.287965,557223.161038,466493.0867303572,485708.43004660716,504418.9892422321
2015-04-30,432612.141938,3267,79564.0,59.62,0,3,30,4,2,2015,18,398724.330055,392147.042002,418643.193957,524588.902022,463295.3895869286,482895.4330530357,498758.316707125
2015-05-01,674509.400095,5555,94567.0,59.1,1,4,1,5,2,2015,18,432612.141938,437625.507963,456303.236748,510296.785948,469076.1181492143,483893.21505167853,495473.4324184107
2015-05-02,711052.273896,1343,100716.0,59.1,0,5,2,5,2,2015,18,674509.400095,588781.512939,629155.66071,653894.195903,502916.6741680714,499479.3695764643,501338.1686379464
2015-05-03,742887.785029,1381,94618.0,59.1,0,6,3,5,2,2015,18,711052.273896,625901.000988,684544.950159,659669.577136,520383.92573335714,505329.12766117865,503379.52856626787
2015-05-04,556245.147953,1282,84198.0,58.92,0,0,4,5,2,2015,19,742887.785029,425049.148087,481694.770966,519734.816963,537096.3234535,509496.47300903575,506351.60741958924
2015-05-05,509493.227021,1240,82729.0,60.38,0,1,5,5,2,2015,19,556245.147953,374839.1850745,426018.313035,464788.21798,555838.6091486429,514821.49993667856,507655.54781208927
2015-05-06,504999.550962,1340,83390.0,60.93,0,2,6,5,2,2015,19,509493.227021,398724.330055,421108.210059,461140.213006,575074.9008552857,520783.9937928215,509252.15527783934
2015-05-07,444082.309939,3372,80437.0,58.99,0,3,7,5,2,2015,19,504999.550962,432612.141938,392147.042002,398718.315935,590257.0752705715,526776.23242875,510818.5602048393
2015-05-08,481304.22297,5130,85892.0,59.41,0,4,8,5,2,2015,19,444082.309939,674509.400095,437625.507963,445869.298012,591895.6706992857,530485.89442425,512438.70284783933
2015-05-09,706705.4400759999,1156,115616.0,59.41,1,5,9,5,2,2015,19,481304.22297,711052.273896,588781.512939,610603.017074,564294.93111,533605.8026390357,513704.2358820536
2015-05-10,558062.273048,1024,95869.0,59.41,1,6,10,5,2,2015,19,706705.4400759999,742887.785029,625901.000988,659939.024086,563673.95485,542028.9402916785,517136.46527498215
2015-05-11,524864.051063,1055,81414.0,59.23,0,0,11,5,2,2015,20,558062.273048,556245.147953,425049.148087,453724.756048,537270.3102812857,537183.3168673929,513498.00988076784
2015-05-12,452162.874045,1014,77407.0,60.72,1,1,12,5,2,2015,20,524864.051063,509493.227021,374839.1850745,403623.396979,532787.2964398571,544312.95279425,516038.69898844644
2015-05-13,446915.639008,1172,75555.0,60.5,0,2,13,5,2,2015,20,452162.874045,504999.550962,398724.330055,438106.287965,524597.2460147142,549836.073435,517772.2517408036
2015-05-14,395609.666087,3153,72043.0,59.89,0,3,14,5,2,2015,20,446915.639008,444082.309939,432612.141938,418643.193957,516299.54430699995,553278.3097887858,518086.8714209107
2015-05-15,483535.538107,5076,80107.0,59.73,0,4,15,5,2,2015,20,395609.666087,481304.22297,674509.400095,456303.236748,509374.8808995714,550635.2757994286,517264.2454255536
2015-05-16,709798.552994,1196,99115.0,59.73,0,5,16,5,2,2015,20,483535.538107,706705.4400759999,711052.273896,629155.66071,509693.6402048571,536994.2856574286,518236.82761694636
2015-05-17,798186.132143,1060,97521.0,59.73,0,6,17,5,2,2015,20,709798.552994,558062.273048,742887.785029,684544.950159,510135.5134788571,536904.7341644285,521116.93091280357
2015-05-18,496595.01098,968,80398.0,59.44,0,0,18,5,2,2015,21,798186.132143,524864.051063,556245.147953,481694.770966,544438.921921,540854.6161011428,525175.5445550892
2015-05-19,446375.4880335,999,76783.0,57.3,0,1,19,5,2,2015,21,496595.01098,452162.874045,509493.227021,426018.313035,540400.4876234286,536593.8920316428,525707.6959841608
2015-05-20,466238.630977,1232,78779.0,58.96,0,2,20,5,2,2015,21,446375.4880335,446915.639008,504999.550962,421108.210059,539573.7181932143,532085.4821039643,526434.7379483929
2015-05-21,417006.136035,3115,74029.0,60.18,0,3,21,5,2,2015,21,466238.630977,395609.666087,444082.309939,392147.042002,542334.1456173572,529316.8449621785,528046.5386954643
2015-05-22,458727.917031,4923,78307.0,58.88,0,4,22,5,2,2015,21,417006.136035,483535.538107,481304.22297,437625.507963,545390.7841813571,527382.8325404642,528934.3634823571
2015-05-23,658882.9229615,970,95351.0,58.88,0,5,23,5,2,2015,21,458727.917031,709798.552994,706705.4400759999,588781.512939,541846.8383133572,525770.2392591072,529688.0209490715
2015-05-24,738068.426823,1012,93816.0,58.88,1,6,24,5,2,2015,21,658882.9229615,798186.132143,558062.273048,625901.000988,534573.1768801429,522354.34517950006,532191.6427355893
2015-05-25,534802.790004,941,77956.0,58.88,0,0,25,5,2,2015,22,738068.426823,496595.01098,524864.051063,425049.148087,525984.933263,535211.927592,536197.6222296965
2015-05-26,463132.406006,887,74097.0,57.29,0,1,26,5,2,2015,22,534802.790004,446375.4880335,452162.874045,374839.1850745,531443.1874092857,535921.8375163571,540117.3951553035
2015-05-27,481804.96096,1007,76164.0,57.51,0,2,27,5,2,2015,22,463132.406006,466238.630977,446915.639008,398724.330055,533837.0328339286,536705.3755135714,543270.7244742856
2015-05-28,428506.881011,3183,73171.0,57.69,0,3,28,5,2,2015,22,481804.96096,417006.136035,395609.666087,432612.141938,536060.7942600714,539197.4699387143,546237.88986375
2015-05-29,560519.530038,5079,83081.0,60.25,0,4,29,5,2,2015,22,428506.881011,458727.917031,483535.538107,674509.400095,537703.7578280714,541547.2710047143,546091.2734020714
2015-05-30,855728.291973,992,102728.0,60.25,0,5,30,5,2,2015,22,560519.530038,658882.9229615,709798.552994,711052.273896,552245.4168290714,547046.1275712142,542020.2066143213
2015-05-31,1023564.76704,1025,108057.0,60.25,0,6,31,5,2,2015,22,855728.291973,738068.426823,798186.132143,742887.785029,580366.1838307142,557469.6803554286,547187.2072599286
2015-06-01,812081.2027655,1388,91732.0,60.24,0,0,1,6,2,2015,23,1023564.76704,534802.790004,496595.01098,556245.147953,621151.3752902857,573568.1542766428,557211.3851888928
2015-06-02,753430.6418917,3643,84760.0,61.3,0,1,2,6,2,2015,23,812081.2027655,463132.406006,446375.4880335,509493.227021,660762.5771133571,596102.8822613214,566348.3871464821
2015-06-03,747929.452075,5581,82916.0,59.67,0,2,3,6,2,2015,23,753430.6418917,481804.96096,466238.630977,504999.550962,702233.7536684572,618035.3932511928,575060.4376775787
2015-06-04,608994.6461083,3401,79588.0,58.0,0,3,4,6,2,2015,23,747929.452075,428506.881011,417006.136035,444082.309939,740251.5381134572,638156.1661867643,583736.5055744714
2015-06-05,657675.126037,5144,83671.0,59.11,0,4,5,6,2,2015,23,608994.6461083,560519.530038,458727.917031,481304.22297,766035.5045559286,651869.6311919999,589626.2318662321
2015-06-06,904437.271141,1066,99584.0,59.11,0,5,6,6,2,2015,23,657675.126037,855728.291973,658882.9229615,706705.4400759999,779914.8754129286,666080.1461209999,595925.1926900536
2015-06-07,1070695.9178497,1068,98730.0,59.11,0,6,7,6,2,2015,23,904437.271141,1023564.76704,738068.426823,558062.273048,786873.3010083571,683619.7424195356,602987.0437995178
2015-06-08,696952.81204,949,81106.0,58.15,0,0,8,6,2,2015,24,1070695.9178497,812081.2027655,534802.790004,524864.051063,793606.3225526001,707378.848921443,621295.3882567214
2015-06-09,623725.1071692,3216,78401.0,60.15,0,1,9,6,2,2015,24,696952.81204,753430.6418917,463132.406006,452162.874045,777159.4095918143,718960.9933525857,627441.4154344713
2015-06-10,641435.3719983,5373,77775.0,61.36,0,2,10,6,2,2015,24,623725.1071692,747929.452075,481804.96096,446915.639008,758630.0474886,730431.9005785285,633568.6380460499
2015-06-11,510019.1489275,1369,73723.0,60.74,0,3,11,6,2,2015,24,641435.3719983,608994.6461083,428506.881011,395609.666087,743416.6074776428,741834.07279555,640515.7713671321
2015-06-12,606616.000975,6500,79332.0,59.96,0,4,12,6,2,2015,24,510019.1489275,657675.126037,560519.530038,483535.538107,729277.2507375285,747656.3776467285,644601.8243257215
2015-06-13,840727.775905,1564,95583.0,59.96,0,5,13,6,2,2015,24,606616.000975,904437.271141,855728.291973,709798.552994,721983.0900143856,750948.9827136572,648997.5551424358
2015-06-14,967745.7218685,2239,93452.0,59.96,0,6,14,6,2,2015,24,840727.775905,1070695.9178497,1023564.76704,798186.132143,712881.7335521,749877.5172802286,653673.5988178285
2015-06-15,666557.1317587,1495,79423.0,59.53,0,0,15,6,2,2015,25,967745.7218685,696952.81204,812081.2027655,496595.01098,698174.5626976428,745890.4426251214,659729.2984508822
2015-06-16,672637.824072,3629,80948.0,60.01,0,1,16,6,2,2015,25,666557.1317587,623725.1071692,753430.6418917,446375.4880335,693832.3226574572,735495.8661246357,665799.3741929785
2015-06-17,677171.157112,8606,80273.0,59.89,0,2,17,6,2,2015,25,672637.824072,641435.3719983,747929.452075,466238.630977,700819.8536435714,729724.9505660858,673880.1719086393
2015-06-18,556155.0391433,1775,76902.0,60.41,0,3,18,6,2,2015,25,677171.157112,510019.1489275,608994.6461083,417006.136035,705924.9658026714,724670.7866401571,681413.4764134607
2015-06-19,659233.5706609,6748,83715.0,59.62,0,4,19,6,2,2015,25,556155.0391433,606616.000975,657675.126037,458727.917031,712515.8072620714,720896.5289998,686383.0800959
2015-06-20,936951.654373,1586,108362.0,59.62,0,5,20,6,2,2015,25,659233.5706609,840727.775905,904437.271141,658882.9229615,720032.6029314856,721007.8464729358,693543.996296968
2015-06-21,790568.421132,2389,92077.0,59.62,0,6,21,6,2,2015,25,936951.654373,967745.7218685,1070695.9178497,738068.426823,733778.8712840572,723330.3024180785,703475.0224188071
2015-06-22,701208.22895,1617,81755.0,60.01,0,0,22,6,2,2015,26,790568.421132,666557.1317587,696952.81204,534802.790004,708467.8283217,703321.1955096714,705350.0222155572
2015-06-23,640322.326029,3756,78858.0,61.05,1,1,23,6,2,2015,26,701208.22895,672637.824072,623725.1071692,463132.406006,713417.9850633143,703625.1538603858,711293.0736064857
2015-06-24,643411.714061,9265,74979.0,60.01,0,2,24,6,2,2015,26,640322.326029,677171.157112,641435.3719983,481804.96096,708801.4853428857,704810.6694932285,717621.2850358785
2015-06-25,518700.9558973,1154,72661.0,59.59,1,3,25,6,2,2015,26,643411.714061,556155.0391433,510019.1489275,428506.881011,703978.7077641713,704951.8367834213,723392.9547894857
2015-06-26,593299.460788,6213,78165.0,59.41,0,4,26,6,2,2015,26,518700.9558973,659233.5706609,606616.000975,560519.530038,698628.1244433143,705571.9658526928,726614.1717497108
2015-06-27,831492.4641955,1166,92052.0,59.41,0,5,27,6,2,2015,26,593299.460788,936951.654373,840727.775905,855728.291973,689208.9658900431,704620.7844107643,727784.8835622107
2015-06-28,976563.5890657,1994,93170.0,59.41,0,6,28,6,2,2015,26,831492.4641955,790568.421132,967745.7218685,1023564.76704,674143.3672932571,703961.1192886571,726919.3182844428
2015-06-29,639072.192193,1006,76946.0,58.34,0,0,29,6,2,2015,27,976563.5890657,701208.22895,666557.1317587,812081.2027655,700714.1055694999,704590.9669456,725240.7047853607
2015-06-30,669548.425059,2927,80264.0,59.48,0,1,30,6,2,2015,27,639072.192193,640322.326029,672637.824072,753430.6418917,691837.5288899286,702627.7569766215,719061.8115506286
2015-07-01,885953.200992,8448,89117.0,56.94,0,2,1,7,3,2015,27,669548.425059,643411.714061,677171.157112,747929.452075,696012.6858942143,702407.0856185501,716066.0180923179
2015-07-02,705642.2820965,1306,83862.0,56.93,0,3,2,7,3,2015,27,885953.200992,518700.9558973,556155.0391433,608994.6461083,730661.4697415001,717320.0887528358,720995.4376964964
2015-07-03,772773.3939200001,6484,88101.0,56.93,1,4,3,7,3,2015,27,705642.2820965,593299.460788,659233.5706609,657675.126037,757367.3734842428,727997.7489637786,724447.1389817894
2015-07-04,1018541.84294,1252,102116.0,56.93,0,5,4,7,3,2015,27,772773.3939200001,831492.4641955,936951.654373,904437.271141,783006.5067888144,736107.7363394286,728557.7914061822
2015-07-05,982427.6819,2065,94248.0,56.93,0,6,5,7,3,2015,27,1018541.84294,976563.5890657,790568.421132,1070695.9178497,809727.8466094573,741935.6069513572,732632.9546847178
2015-07-06,754949.70914,1033,86147.0,52.48,0,0,6,7,3,2015,28,982427.6819,639072.192193,701208.22895,696952.81204,810565.5741572141,755639.8398633571,729480.5176865142
2015-07-07,654821.0515315,2971,76716.0,52.33,0,1,7,7,3,2015,28,754949.70914,669548.425059,640322.326029,623725.1071692,827119.5051496428,759478.5170197857,731551.8354400859
2015-07-08,732992.130029,8236,84116.0,51.61,0,2,8,7,3,2015,28,654821.0515315,885953.200992,643411.714061,641435.3719983,825015.5946457143,760514.1402699642,732662.4048815964
2015-07-09,605032.4963965,1214,79197.0,52.76,0,3,9,7,3,2015,28,732992.130029,705642.2820965,518700.9558973,510019.1489275,803164.0130795714,766912.7414105358,735932.2890969785
2015-07-10,643986.381178,6406,81733.0,52.74,0,4,10,7,3,2015,28,605032.4963965,772773.3939200001,593299.460788,606616.000975,788791.186551,773079.2800176215,739325.6229351572
2015-07-11,794984.703157,1137,91861.0,52.74,0,5,11,7,3,2015,28,643986.381178,1018541.84294,831492.4641955,840727.775905,770393.0418735715,776699.7743311928,740660.2793709785
2015-07-12,898731.936734,1942,90004.0,52.74,0,6,12,7,3,2015,28,794984.703157,982427.6819,976563.5890657,967745.7218685,738456.3076188571,774092.0771141571,739026.5982014071
2015-07-13,647967.077874,1009,80081.0,52.19,0,0,13,7,3,2015,29,898731.936734,754949.70914,639072.192193,666557.1317587,726499.7725951428,768532.6733761785,736561.8201608893
2015-07-14,601452.258023,2851,76798.0,53.05,0,1,14,7,3,2015,29,647967.077874,654821.0515315,669548.425059,672637.824072,711216.5395571429,769168.0223533929,735897.889665007
2015-07-15,664505.1001790001,8255,80203.0,51.4,0,2,15,7,3,2015,29,601452.258023,732992.130029,885953.200992,677171.157112,703592.4261987858,764304.01042225,733355.5480204
2015-07-16,584042.727022,1225,77483.0,50.9,0,3,16,7,3,2015,29,664505.1001790001,605032.4963965,705642.2820965,556155.0391433,693808.5647916428,748486.2889356072,732903.1888442215
2015-07-17,653452.17114,6503,82400.0,50.88,0,4,17,7,3,2015,29,584042.727022,643986.381178,772773.3939200001,659233.5706609,690810.0263095715,739800.6064302857,733899.1776970321
2015-07-18,826353.336031,1126,93463.0,50.88,0,5,18,7,3,2015,29,653452.17114,794984.703157,1018541.84294,936951.654373,692162.2820184287,731277.661946,733692.6991427143
2015-07-19,894707.299378,1938,89543.0,50.88,0,6,19,7,3,2015,29,826353.336031,898731.936734,982427.6819,790568.421132,696643.5152861428,717549.9114524999,729742.7592019286
2015-07-20,685961.243972,1357,82542.0,50.11,0,0,20,7,3,2015,30,894707.299378,647967.077874,754949.70914,701208.22895,696068.5670924286,711284.1698437857,733462.0048535714
2015-07-21,607836.498977,3157,78316.0,50.59,0,1,21,7,3,2015,30,685961.243972,601452.258023,654821.0515315,640322.326029,701496.3051064286,706356.4223317857,732917.4696757856
2015-07-22,631385.408886,8415,77969.0,49.27,0,2,22,7,3,2015,30,607836.498977,664505.1001790001,732992.130029,643411.714061,702408.3395284286,703000.3828636073,731757.2615667857
2015-07-23,541511.421067,1482,74744.0,48.11,1,3,23,7,3,2015,30,631385.408886,584042.727022,605032.4963965,518700.9558973,697676.955058,695742.7599248214,731327.7506676785
2015-07-24,635244.2449785,6714,83784.0,47.98,1,4,24,7,3,2015,30,541511.421067,653452.17114,643986.381178,593299.460788,691601.0542072857,691205.5402584287,732142.410138025
2015-07-25,797427.520942,1529,92906.0,47.98,1,5,25,7,3,2015,30,635244.2449785,826353.336031,794984.703157,831492.4641955,688999.9218985,690581.1019584642,733640.4381448284
2015-07-26,875032.0362592,2383,90148.0,47.98,0,6,26,7,3,2015,30,797427.520942,894707.299378,898731.936734,976563.5890657,684867.6626000714,690755.5889431072,732423.8330286322
2015-07-27,652999.1942961001,1466,80240.0,47.17,0,0,27,7,3,2015,31,875032.0362592,685961.243972,647967.077874,639072.192193,682056.9107259571,689062.738909193,728797.7061426857
2015-07-28,594977.6665523,3408,77193.0,47.97,0,1,28,7,3,2015,31,652999.1942961001,607836.498977,601452.258023,669548.425059,677348.0464865428,689422.1757964856,729295.0990749393
2015-07-29,625449.98155,8747,78724.0,48.77,0,2,29,7,3,2015,31,594977.6665523,631385.408886,664505.1001790001,885953.200992,675511.0704258715,688959.70497715,726631.8576996999
2015-07-30,543393.592625,1662,75122.0,48.53,0,3,30,7,3,2015,31,625449.98155,541511.421067,584042.727022,705642.2820965,674663.1522350142,686170.0536465071,717328.1712910571
2015-07-31,695083.4489723,7021,85907.0,47.11,0,4,31,7,3,2015,31,543393.592625,635244.2449785,653452.17114,772773.3939200001,674932.0338861571,683266.5440467214,711533.5752385035
2015-08-01,1044894.790061,1448,105307.0,47.11,0,5,1,8,3,2015,31,695083.4489723,797427.520942,826353.336031,1018541.84294,683480.4915995571,686240.2067490285,708758.9343475142
2015-08-02,1043495.475018,2194,97134.0,47.11,0,6,2,8,3,2015,31,1044894.790061,875032.0362592,894707.299378,982427.6819,718832.9586165572,701850.3106083144,709700.1110304071
2015-08-03,811119.83411,1405,89639.0,45.25,0,0,3,8,3,2015,32,1043495.475018,652999.1942961001,685961.243972,754949.70914,742899.1641535285,712478.0374397429,711881.1036417644
2015-08-04,726613.35811,3489,85613.0,45.75,0,1,4,8,3,2015,32,811119.83411,594977.6665523,607836.498977,654821.0515315,765487.8269840857,721417.9367353143,713887.1795335499
2015-08-05,724346.594,8919,84912.0,45.13,1,2,5,8,3,2015,32,726613.35811,625449.98155,631385.408886,732992.130029,784292.9257780429,729901.9981019573,716451.1904827822
2015-08-06,583375.211759,1529,80008.0,44.69,0,3,6,8,3,2015,32,724346.594,543393.592625,541511.421067,605032.4963965,798421.0132709,736542.0827529571,716142.4213388894
2015-08-07,663326.5180703,6744,85461.0,43.87,0,4,7,8,3,2015,32,583375.211759,695083.4489723,635244.2449785,643986.381178,804132.6731471857,739532.3535166715,715368.9468875501
2015-08-08,784099.215997,1436,93044.0,43.87,0,5,8,8,3,2015,32,663326.5180703,1044894.790061,797427.520942,794984.703157,799595.9687326143,741538.2301660858,716059.6660622751
2015-08-09,679410.125135,2287,79233.0,43.87,0,6,9,8,3,2015,32,784099.215997,1043495.475018,875032.0362592,898731.936734,762339.4581520428,740586.2083843,715670.8986637036
2015-08-10,785477.934216,1389,87127.0,44.94,1,0,10,8,3,2015,33,679410.125135,811119.83411,652999.1942961001,647967.077874,710327.2653116144,726613.2147325714,707837.9768208822
2015-08-11,668280.357956,3358,82118.0,43.11,0,1,11,8,3,2015,33,785477.934216,726613.35811,594977.6665523,601452.258023,706664.1367553286,736075.9818697071,712749.0788330965
2015-08-12,678064.7316857,7917,82224.0,43.22,0,2,12,8,3,2015,33,668280.357956,724346.594,625449.98155,664505.1001790001,698330.8510190428,741311.8883985429,715135.7966878464
2015-08-13,557859.477954,1482,77320.0,42.27,0,3,13,8,3,2015,33,678064.7316857,583375.211759,543393.592625,584042.727022,691719.1564027143,745070.0848368071,715620.069241657
2015-08-14,734484.205049,6748,85068.0,42.45,0,4,14,8,3,2015,33,557859.477954,663326.5180703,695083.4489723,653452.17114,688074.0515734286,746103.3623603071,714684.9532035142
2015-08-15,936339.026059,1434,101204.0,42.45,1,5,15,8,3,2015,33,734484.205049,784099.215997,1044894.790061,826353.336031,698239.4354275286,748917.7020800716,717578.95441455
2015-08-16,913846.62503,2166,91810.0,42.45,0,6,16,8,3,2015,33,936339.026059,679410.125135,1043495.475018,894707.299378,719987.9797221,741163.7189370714,721507.0147726929
2015-08-17,694747.161863,1393,84497.0,41.93,0,0,17,8,3,2015,34,913846.62503,785477.934216,811119.83411,685961.243972,753478.9082785286,731903.0867950714,722190.5621174072
2015-08-18,629475.6430527,3316,81121.0,42.58,0,1,18,8,3,2015,34,694747.161863,668280.357956,726613.35811,607836.498977,740517.3693709571,723590.753063143,722504.3448992287
2015-08-19,653733.3600063,7781,81318.0,40.75,0,2,19,8,3,2015,34,629475.6430527,678064.7316857,724346.594,631385.408886,734973.8386704858,716652.3448447642,723277.1714733607
2015-08-20,569443.704073,1511,78717.0,41.0,0,3,20,8,3,2015,34,653733.3600063,557859.477954,583375.211759,541511.421067,731497.9284305715,711608.542416643,724075.3125848
2015-08-21,653281.208151,7086,85259.0,40.45,0,4,21,8,3,2015,34,569443.704073,734484.205049,663326.5180703,635244.2449785,733152.8178761428,710613.4347247856,725072.8941207286
2015-08-22,803270.157597,1653,94782.0,40.45,0,5,22,8,3,2015,34,653281.208151,936339.026059,784099.215997,797427.520942,721552.3897478572,709895.912587693,725717.0713768894
2015-08-23,865755.397429,2412,89641.0,40.45,0,6,23,8,3,2015,34,803270.157597,913846.62503,679410.125135,875032.0362592,702542.5513961428,711265.2655591214,725925.7369717107
2015-08-24,681575.9899773,1491,82462.0,38.22,1,0,24,8,3,2015,35,865755.397429,694747.161863,785477.934216,652999.1942961001,695672.3760245715,724575.64215155,725594.4284420607
2015-08-25,624698.33755,3525,78984.0,39.15,0,1,25,8,3,2015,35,681575.9899773,629475.6430527,668280.357956,594977.6665523,693790.7800409001,717154.0747059286,726615.0282878178
2015-08-26,640075.9908365,8142,78623.0,38.5,0,2,26,8,3,2015,35,624698.33755,653733.3600063,678064.7316857,625449.98155,693108.3078262286,714041.0732483573,727676.48082345
2015-08-27,548043.327354,1462,75910.0,42.47,0,3,27,8,3,2015,35,640075.9908365,569443.704073,557859.477954,543393.592625,691157.2550876858,711327.5917591286,728198.8382979679
2015-08-28,635737.2322,6846,81668.0,45.29,0,4,28,8,3,2015,35,548043.327354,653281.208151,734484.205049,695083.4489723,688100.0584135428,710626.438144843,728364.900252575
2015-08-29,876953.096934,1484,96050.0,45.29,0,5,29,8,3,2015,35,635737.2322,803270.157597,936339.026059,1044894.790061,685593.7761348287,703573.0829413428,726245.3925107073
2015-08-30,975697.601858,2310,92502.0,45.29,0,6,30,8,3,2015,35,876953.096934,865755.397429,913846.62503,1043495.475018,696119.9103258287,699331.2308609857,720247.4748990285
2015-08-31,776152.5521897,1257,86301.0,49.2,0,0,31,8,3,2015,36,975697.601858,681575.9899773,694747.161863,811119.83411,711825.9395299715,703749.1577772715,717826.1222861714
2015-09-01,906549.992952,3595,90485.0,45.38,0,1,1,9,3,2015,36,776152.5521897,624698.33755,629475.6430527,726613.35811,725336.8769888857,709563.8285148927,716577.2907890178
2015-09-02,879033.0925,8161,88953.0,46.3,0,2,2,9,3,2015,36,906549.992952,640075.9908365,653733.3600063,724346.594,765601.3991891714,729354.8535077,723003.5991762321
2015-09-03,707093.042,2241,83192.0,46.75,0,3,3,9,3,2015,36,879033.0925,548043.327354,569443.704073,583375.211759,799738.1279982429,745447.6915429643,728528.1169798037
2015-09-04,736395.302632,7802,84429.0,46.02,0,4,4,9,3,2015,36,707093.042,635737.2322,653281.208151,663326.5180703,822459.5158048142,755279.7871091786,732946.6109169822
2015-09-05,1052868.394291,2570,103308.0,46.02,0,5,5,9,3,2015,36,736395.302632,876953.096934,803270.157597,784099.215997,836839.2401522428,761216.5081435357,735556.2103656143
2015-09-06,1147642.583011,3486,100483.0,46.02,0,6,6,9,3,2015,36,1052868.394291,975697.601858,865755.397429,679410.125135,861969.9969175284,779044.9536216786,745155.1095904
2015-09-07,767382.7769737,2391,85728.0,46.02,0,0,7,9,3,2015,37,1147642.583011,776152.5521897,681575.9899773,785477.934216,886533.5656536714,799179.7525918215,761877.6973716858
2015-09-08,677312.236066,4385,81290.0,45.92,0,1,8,9,3,2015,37,767382.7769737,906549.992952,624698.33755,668280.357956,885280.7406228144,805308.8088058501,761231.4417558892
2015-09-09,705633.4998935,8964,81083.0,44.13,0,2,9,9,3,2015,37,677312.236066,879033.0925,640075.9908365,678064.7316857,852532.4896390999,809066.9444141357,761554.0088312464
2015-09-10,577743.795026,2597,76378.0,45.85,0,3,10,9,3,2015,37,705633.4998935,707093.042,548043.327354,557859.477954,827761.1192667428,813749.6236324928,762538.6076958107
2015-09-11,651330.167952,7873,80722.0,44.75,0,4,11,9,3,2015,37,577743.795026,736395.302632,635737.2322,734484.205049,809282.6554133144,815871.0856090642,763248.7618769536
2015-09-12,921524.436013,2572,96719.0,44.75,0,5,12,9,3,2015,37,651330.167952,1052868.394291,876953.096934,936339.026059,797130.4933161715,816984.8667342073,760278.9748377751
2015-09-13,1023345.318906,3511,94872.0,44.75,0,6,13,9,3,2015,37,921524.436013,1147642.583011,975697.601858,913846.62503,778367.0707050285,820168.5338112786,759749.8823361321
2015-09-14,688405.190061,2433,80058.0,44.07,0,0,14,9,3,2015,38,1023345.318906,767382.7769737,776152.5521897,694747.161863,760610.3186900286,823571.94217185,763660.5499745607
2015-09-15,682134.3540295,4657,80367.0,44.58,0,1,15,9,3,2015,38,688405.190061,677312.236066,906549.992952,629475.6430527,749327.8062739286,817304.2734483714,763434.0509816322
2015-09-16,742089.667998,9156,81886.0,47.12,0,2,16,9,3,2015,38,682134.3540295,705633.4998935,879033.0925,653733.3600063,750016.6802687143,801274.5849539072,765314.7192308035
2015-09-17,593577.802125,2563,75483.0,46.93,0,3,17,9,3,2015,38,742089.667998,577743.795026,707093.042,569443.704073,755224.7042836428,791492.9117751928,768470.3016590786
2015-09-18,653805.874946,7943,80610.0,44.71,0,4,18,9,3,2015,38,593577.802125,651330.167952,736395.302632,653281.208151,757486.7052977857,783384.6803555499,769332.2337323643
2015-09-19,935893.481059,2727,97499.0,44.71,0,5,19,9,3,2015,38,653805.874946,921524.436013,1052868.394291,803270.157597,757840.3777255,777485.4355208358,769350.9718321858
2015-09-20,1037532.860693,3551,94345.0,44.71,0,6,20,9,3,2015,38,935893.481059,1023345.318906,1147642.583011,865755.397429,759893.0984463572,769130.084575693,774087.5190986858
2015-09-21,717725.376959,2517,81429.0,46.67,0,0,21,9,3,2015,39,1037532.860693,688405.190061,767382.7769737,681575.9899773,761919.8901302143,761265.1044101213,780222.4285009714
2015-09-22,641914.7389995,4480,77608.0,46.17,0,1,22,9,3,2015,39,717725.376959,682134.3540295,677312.236066,624698.33755,766108.4882585,757718.1472662144,781513.4780360322
2015-09-23,690419.721922,9189,78775.0,44.53,0,2,23,9,3,2015,39,641914.7389995,742089.667998,705633.4998935,640075.9908365,760362.8289685,755189.7546186072,782128.3495163714
2015-09-24,557321.610921,2352,73545.0,44.94,0,3,24,9,3,2015,39,690419.721922,593577.802125,577743.795026,548043.327354,752981.4081005,754103.0561920714,783926.3399122822
2015-09-25,646083.8750635,7739,79507.0,45.55,0,4,25,9,3,2015,39,557321.610921,653805.874946,651330.167952,635737.2322,747801.9522142143,752644.328756,784257.7071825322
2015-09-26,890486.060145,2486,94388.0,45.55,0,5,26,9,3,2015,39,646083.8750635,935893.481059,921524.436013,876953.096934,746698.8093738572,752269.5935496785,784627.2301419427
2015-09-27,1018062.963565,3382,92915.0,45.55,0,6,27,9,3,2015,39,890486.060145,1037532.860693,1023345.318906,975697.601858,740212.0349575713,750052.5667019642,785110.5502566214
2015-09-28,671261.0640092,2245,77182.0,44.4,1,0,28,9,3,2015,40,1018062.963565,717725.376959,688405.190061,776152.5521897,737430.6210821428,749675.2556061785,786623.5988890143
2015-09-29,609130.6581453,4278,74165.0,45.24,0,1,29,9,3,2015,40,671261.0640092,641914.7389995,682134.3540295,906549.992952,730792.8620893144,748450.6751739072,782877.4743111393
2015-09-30,711182.539054,9027,77848.0,45.06,0,2,30,9,3,2015,40,609130.6581453,690419.721922,742089.667998,879033.0925,726109.4219672858,743236.1254678929,772255.3552109001
2015-10-01,796340.858947,2231,83792.0,44.75,0,3,1,10,4,2015,40,711182.539054,557321.610921,593577.802125,707093.042,729075.5387004287,741028.4734004643,766260.6925878285
2015-10-02,830719.387744,7801,87428.0,45.54,0,4,2,10,4,2015,40,796340.858947,646083.8750635,653805.874946,736395.302632,763221.1455612857,755511.5488877501,769448.1146216501
2015-10-03,1179376.177625,2220,105572.0,45.54,0,5,3,10,4,2015,40,830719.387744,890486.060145,935893.481059,1052868.394291,789597.6473727857,768148.2283733214,772816.8319470786
2015-10-04,1234130.938595,3011,100646.0,45.54,0,6,4,10,4,2015,40,1179376.177625,1018062.963565,1037532.860693,1147642.583011,830867.6641556429,785539.8495566071,777334.96706615
2015-10-05,809524.837996,1990,86220.0,46.28,0,0,5,10,4,2015,41,1234130.938595,671261.0640092,717725.376959,767382.7769737,861734.5177313572,799582.56940675,780423.8369084357
2015-10-06,696169.275967,3989,80330.0,48.53,0,1,6,10,4,2015,41,809524.837996,609130.6581453,641914.7389995,677312.236066,881486.485443757,806139.6737665357,781928.910516375
2015-10-07,720562.330573,8798,81073.0,47.86,1,2,7,10,4,2015,41,696169.275967,711182.539054,690419.721922,705633.4998935,893920.573704,810014.9978356429,782602.3762271252
2015-10-08,603066.030064,2042,78172.0,49.46,0,3,8,10,4,2015,41,720562.330573,796340.858947,557321.610921,577743.795026,895260.543921,812168.0413107143,783135.548751393
2015-10-09,873934.7190479999,7815,90250.0,49.67,1,4,9,10,4,2015,41,603066.030064,830719.387744,646083.8750635,651330.167952,867649.8540805714,815435.4998209287,784039.9142884642
2015-10-10,867556.973019,1969,94991.0,49.67,0,5,10,10,4,2015,41,873934.7190479999,1179376.177625,890486.060145,921524.436013,873823.4728382857,831710.5601055358,791990.0768276071
2015-10-11,973329.203973,2852,90881.0,49.67,0,6,11,10,4,2015,41,867556.973019,1234130.938595,1018062.963565,1023345.318906,829277.8721802856,830072.7681679643,790062.6674349643
2015-10-12,721634.5721813,1864,80029.0,47.09,0,0,12,10,4,2015,42,973329.203973,809524.837996,671261.0640092,688405.190061,792020.48152,826877.4996256785,788276.3776159285
2015-10-13,585141.5538577,3899,72375.0,46.7,0,1,13,10,4,2015,42,721634.5721813,696169.275967,609130.6581453,682134.3540295,779464.7292607572,830475.6073522571,789463.141263082
2015-10-14,688198.106351,8778,76395.0,46.63,0,2,14,10,4,2015,42,585141.5538577,720562.330573,711182.539054,742089.667998,763603.6261022857,828762.0999031429,785999.112685518
2015-10-15,577952.197162,1289,75010.0,46.38,0,3,15,10,4,2015,42,688198.106351,603066.030064,796340.858947,593577.802125,758980.165499143,827120.3547100715,784074.4140552679
2015-10-16,693829.351874,6959,83029.0,47.3,0,4,16,10,4,2015,42,577952.197162,873934.7190479999,830719.387744,653805.874946,755392.4750845714,811521.1645825714,783516.3567351607
2015-10-17,958052.958031,1355,98871.0,47.3,0,5,17,10,4,2015,42,693829.351874,867556.973019,1179376.177625,935893.481059,729663.1369168572,801743.3048775714,784945.7666254464
2015-10-18,1071477.102879,2212,96231.0,47.3,0,6,18,10,4,2015,42,958052.958031,973329.203973,1234130.938595,1037532.860693,742591.1347757144,785934.503478,785737.1765173035
2015-10-19,699259.488037,1166,79787.0,45.91,0,0,19,10,4,2015,43,1071477.102879,721634.5721813,809524.837996,717725.376959,756612.263190857,774316.3723554285,786949.4708810893
2015-10-20,660308.361186,3039,78289.0,45.84,0,1,20,10,4,2015,43,699259.488037,585141.5538577,696169.275967,641914.7389995,753415.8225988143,766440.2759297857,786289.9748481606
2015-10-21,672847.3460333,7950,78173.0,45.22,0,2,21,10,4,2015,43,660308.361186,688198.106351,720562.330573,690419.721922,764153.9379314285,763878.7820168572,786946.8899262501
2015-10-22,547020.0469813,1019,73095.0,44.9,0,3,22,10,4,2015,43,672847.3460333,577952.197162,603066.030064,557321.610921,761960.9721717571,760470.56883545,786319.3050730821
2015-10-23,639040.6062,6519,78019.0,43.91,0,4,23,10,4,2015,43,547020.0469813,693829.351874,873934.7190479999,646083.8750635,757542.0935745143,756467.2843295429,785951.3920752357
2015-10-24,859950.710621,915,93418.0,43.91,0,5,24,10,4,2015,43,639040.6062,958052.958031,867556.973019,890486.060145,749715.1299068,739689.1334118285,785699.8467586822
2015-10-25,1018783.141953,1822,93799.0,43.91,0,6,25,10,4,2015,43,859950.710621,1071477.102879,973329.203973,1018062.963565,735700.5231339429,739145.8289548287,784609.2985613964
2015-10-26,649914.352338,842,76122.0,43.19,0,0,26,10,4,2015,44,1018783.141953,699259.488037,721634.5721813,671261.0640092,728172.8144302286,742392.5388105428,784635.0192181107
2015-10-27,587066.101075,2944,73841.0,43.21,0,1,27,10,4,2015,44,649914.352338,660308.361186,585141.5538577,609130.6581453,721123.5093303715,737269.665964593,783872.6366584251
2015-10-28,599388.1222552,7811,74249.0,45.93,0,2,28,10,4,2015,44,587066.101075,672847.3460333,688198.106351,711182.539054,710660.3293145143,737407.1336229714,783084.6167630571
2015-10-29,511860.0689186,1392,70572.0,46.02,0,3,29,10,4,2015,44,599388.1222552,547020.0469813,577952.197162,796340.858947,700166.1544890713,731063.5633304144,779091.9590202429
2015-10-30,635875.8911987,7060,81174.0,46.6,0,4,30,10,4,2015,44,511860.0689186,639040.6062,693829.351874,830719.387744,695143.3004801143,726342.6970273142,768931.9308049429
2015-10-31,915956.851878,1667,98651.0,46.6,0,5,31,10,4,2015,44,635875.8911987,859950.710621,958052.958031,1179376.177625,694691.1983370715,722203.1641219357,761973.2344997536
2015-11-01,819250.388037,2621,83827.0,46.6,0,6,1,11,4,2015,44,915956.851878,1018783.141953,1071477.102879,1234130.938595,702692.0756595001,719196.2993967214,752565.4014373607
2015-11-02,762549.794932,1715,80162.0,46.12,1,0,2,11,4,2015,45,819250.388037,649914.352338,699259.488037,809524.837996,674187.3965286429,701180.1054794358,737748.238917432
2015-11-03,1033439.132986,3898,92896.0,47.88,1,1,3,11,4,2015,45,762549.794932,587066.101075,660308.361186,696169.275967,690278.1740420713,705700.8416862214,736070.5588080036
2015-11-04,855494.43996,9041,85572.0,46.32,0,2,4,11,4,2015,45,1033439.132986,599388.1222552,672847.3460333,720562.330573,754045.7500293572,732353.0396719357,748115.9108443965
2015-11-05,649662.670907,1872,78103.0,45.27,0,3,5,11,4,2015,45,855494.43996,511860.0689186,547020.0469813,603066.030064,790632.3668443287,745399.2606667001,752934.914751075
2015-11-06,671145.788057,7448,79994.0,44.32,1,4,6,11,4,2015,45,649662.670907,635875.8911987,639040.6062,873934.7190479999,810318.4528426713,752730.8766613927,754599.0804954678
2015-11-07,929723.344157,1881,96498.0,44.32,1,5,7,11,4,2015,45,671145.788057,915956.851878,859950.710621,867556.973019,815357.0095367143,755024.1039368929,747356.6186743608
2015-11-08,1077361.9559685,2868,96692.0,44.32,0,6,8,11,4,2015,45,929723.344157,819250.388037,1018783.141953,973329.203973,817323.6512908571,760007.8634751785,749576.8462150035
2015-11-09,683644.901987,1707,78801.0,43.87,0,0,9,11,4,2015,46,1077361.9559685,762549.794932,649914.352338,721634.5721813,854196.7324239286,764192.0644762858,753292.3016434143
2015-11-10,623529.1790699,3788,77488.0,44.23,1,1,10,11,4,2015,46,683644.901987,1033439.132986,587066.101075,585141.5538577,842924.6048603572,766601.3894512142,751935.5277079036
2015-11-11,689746.212316,8741,77427.0,42.95,1,2,11,11,4,2015,46,623529.1790699,855494.43996,599388.1222552,688198.106351,784366.0400152,769205.8950222787,753306.5143226249
2015-11-12,506937.6640027,1777,72788.0,41.74,1,3,12,11,4,2015,46,689746.212316,649662.670907,511860.0689186,577952.197162,760687.7217803429,775660.0443123357,753361.8038213749
2015-11-13,626674.025055,7175,80292.0,40.69,0,4,13,11,4,2015,46,506937.6640027,671145.788057,635875.8911987,693829.351874,740298.4350797286,775308.4439612001,750825.5704942571
2015-11-14,867597.332909,2300,96119.0,40.69,0,5,14,11,4,2015,46,626674.025055,929723.344157,915956.851878,958052.958031,733945.3260794429,774651.1678080786,748427.165965007
2015-11-15,1056159.462651,3508,96807.0,40.69,0,6,15,11,4,2015,46,867597.332909,1077361.9559685,819250.388037,1071477.102879,725070.1816154429,771196.91645315,745196.6079249356
2015-11-16,716508.7092175,2524,80136.0,41.68,0,0,16,11,4,2015,47,1056159.462651,683644.901987,762549.794932,699259.488037,722041.2539986571,788118.9932112929,744649.5493453644
2015-11-17,618919.988059,4525,76290.0,40.73,0,1,17,11,4,2015,47,716508.7092175,623529.1790699,1033439.132986,660308.361186,726736.0836030142,784830.3442316857,745265.5929589536
2015-11-18,683954.18795,9935,78369.0,40.75,0,2,18,11,4,2015,47,618919.988059,689746.212316,855494.43996,672847.3460333,726077.6277443143,755221.8338797571,743787.4367758464
2015-11-19,560452.567301,2888,74410.0,40.55,0,3,19,11,4,2015,47,683954.18795,506937.6640027,649662.670907,547020.0469813,725250.1956920286,742968.9587361858,744184.1097014429
2015-11-20,665619.668251,8109,83456.0,39.39,0,4,20,11,4,2015,47,560452.567301,626674.025055,671145.788057,639040.6062,732895.1818775,736596.8084786143,744663.8425700035
2015-11-21,863726.8816559,2473,94660.0,39.39,0,5,21,11,4,2015,47,665619.668251,867597.332909,929723.344157,859950.710621,738458.8451912144,736202.0856353285,745613.0947861107
2015-11-22,1015844.2849005,3537,93697.0,39.39,0,6,22,11,4,2015,47,863726.8816559,1056159.462651,1077361.9559685,1018783.141953,737905.9235836286,731488.0525995357,745747.9580373571
2015-11-23,696685.460932,2307,78586.0,39.27,0,0,23,11,4,2015,48,1015844.2849005,716508.7092175,683644.901987,649914.352338,732146.6124764143,727093.9332375356,745642.9988569106
2015-11-24,612710.200935,4508,76930.0,40.89,0,1,24,11,4,2015,48,696685.460932,618919.988059,623529.1790699,587066.101075,729314.7198642,728025.4017336072,747313.3955924107
2015-11-25,658917.83013,9548,79328.0,41.22,0,2,25,11,4,2015,48,612710.200935,683954.18795,689746.212316,599388.1222552,728427.6074179142,727252.6175811142,748229.2563016964
2015-11-26,530358.330027,2134,74586.0,41.22,0,3,26,11,4,2015,48,658917.83013,560452.567301,506937.6640027,511860.0689186,724850.9848722,725050.5902821143,750355.317297225
2015-11-27,645087.0350447,7812,83890.0,40.57,1,4,27,11,4,2015,48,530358.330027,665619.668251,626674.025055,635875.8911987,720551.8081187715,726723.4949981357,751015.9694796678
2015-11-28,850596.003884,2432,95616.0,40.57,0,5,28,11,4,2015,48,645087.0350447,863726.8816559,867597.332909,915956.851878,717618.5748035858,728038.7099974,751344.9389027393
2015-11-29,1070619.802932,3235,99517.0,40.57,0,6,29,11,4,2015,48,850596.003884,1015844.2849005,1056159.462651,819250.388037,715742.7351218857,726824.3293527572,749010.6229029536
2015-11-30,762036.1239965,2190,85256.0,40.43,1,0,30,11,4,2015,49,1070619.802932,696685.460932,716508.7092175,762549.794932,723567.8091263857,727857.2108014,757988.1020063466
2015-12-01,857620.9426407,5121,87991.0,40.58,0,1,1,12,4,2015,49,762036.1239965,612710.200935,618919.988059,1033439.132986,732903.6181356001,731109.1689999,757969.756615793
2015-12-02,867269.5758400001,10113,88508.0,39.93,0,2,2,12,4,2015,49,857620.9426407,658917.83013,683954.18795,855494.43996,767890.8669507001,748159.2371843072,751690.5355320321
2015-12-03,676883.031992,2513,84532.0,41.08,0,3,3,12,4,2015,49,867269.5758400001,530358.330027,560452.567301,649662.670907,797655.4020521287,761253.1934621643,752111.076099175
2015-12-04,749354.1319635,8073,87033.0,40.0,0,4,4,12,4,2015,49,676883.031992,645087.0350447,665619.668251,671145.788057,818587.5023328429,769569.6552258071,753083.2318522108
2015-12-05,966202.367876,2404,100637.0,40.0,1,5,5,12,4,2015,49,749354.1319635,850596.003884,863726.8816559,929723.344157,833482.8018926715,775550.6883481286,755876.3869917284
2015-12-06,1143119.31945,3188,100258.0,40.0,1,6,6,12,4,2015,49,966202.367876,1070619.802932,1015844.2849005,1077361.9559685,849997.9967486713,782870.3659352787,757179.2092674071
2015-12-07,822334.708983,2031,88424.0,37.64,0,0,7,12,4,2015,50,1143119.31945,762036.1239965,696685.460932,683644.901987,860355.0705369571,791961.4398316714,759527.6865346035
2015-12-08,712569.16983,4241,83706.0,37.46,1,1,8,12,4,2015,50,822334.708983,857620.9426407,612710.200935,623529.1790699,868969.1541064571,800936.3861210285,764480.8939273178
2015-12-09,747893.782087,9603,86615.0,37.16,0,2,9,12,4,2015,50,712569.16983,867269.5758400001,658917.83013,689746.212316,848247.4722763571,808069.1696135286,767660.8935973215
2015-12-10,657427.1785246,2013,83880.0,36.76,0,3,10,12,4,2015,50,747893.782087,676883.031992,530358.330027,506937.6640027,831193.7874545,814424.5947533142,769737.5925177142
2015-12-11,708392.807819,7574,89351.0,35.65,0,4,11,12,4,2015,50,657427.1785246,749354.1319635,645087.0350447,626674.025055,828414.3798163,823500.9410745715,775112.2180363536
2015-12-12,915667.884291,2179,103409.0,35.65,0,5,12,12,4,2015,50,708392.807819,966202.367876,850596.003884,867597.332909,822562.7620813715,828022.7819870214,778030.7459922107
2015-12-13,1059425.4213405,2924,100875.0,35.65,0,6,13,12,4,2015,50,915667.884291,1143119.31945,1070619.802932,1056159.462651,815343.5501406572,832670.7734446643,779747.5513987107
2015-12-14,811613.7221567,1672,88540.0,36.31,0,0,14,12,4,2015,51,1059425.4213405,822334.708983,762036.1239965,716508.7092175,803387.2789821571,831871.1747595572,779864.1927804785
2015-12-15,779809.953397,5965,89726.0,37.32,0,1,15,12,4,2015,51,811613.7221567,712569.16983,857620.9426407,618919.988059,801855.7094355428,835412.431771,783260.80038545
2015-12-16,859930.249129,11274,95973.0,35.55,0,2,16,12,4,2015,51,779809.953397,747893.782087,867269.5758400001,683954.18795,811461.5356593999,829854.5039678785,789006.8705760929
2015-12-17,809809.748717,2120,98732.0,34.98,0,3,17,12,4,2015,51,859930.249129,657427.1785246,676883.031992,560452.567301,827466.7452368286,829330.2663456643,795291.7299039143
2015-12-18,893569.902701,7493,101639.0,34.72,0,4,18,12,4,2015,51,809809.748717,708392.807819,749354.1319635,665619.668251,849235.6838357429,838825.0318260215,804197.3435259144
2015-12-19,1095523.5178683,2231,123810.0,34.72,0,5,19,12,4,2015,51,893569.902701,915667.884291,966202.367876,863726.8816559,875689.5545331714,849126.1583072714,812338.4233277001
2015-12-20,1175416.9636673,3037,120843.0,34.72,0,6,20,12,4,2015,51,1095523.5178683,1059425.4213405,1143119.31945,1015844.2849005,901383.2164727857,858363.3833067213,820616.874621
2015-12-21,1072887.476889,1811,124711.0,34.55,1,0,21,12,4,2015,52,1175416.9636673,811613.7221567,822334.708983,696685.460932,917953.4368051857,860670.3578936713,826315.8988626715
2015-12-22,1141861.90926,4122,138921.0,36.12,1,1,22,12,4,2015,52,1072887.476889,779809.953397,712569.16983,612710.200935,955278.2589098001,878566.9841726715,839751.68514685
2015-12-23,1196146.056374,9276,153338.0,36.76,1,2,23,12,4,2015,52,1141861.90926,859930.249129,747893.782087,658917.83013,1006999.9668902287,909230.7512748142,858649.9604441716
2015-12-24,1083680.315238,1838,171169.0,37.62,1,3,24,12,4,2015,52,1196146.056374,809809.748717,657427.1785246,530358.330027,1055030.7964966572,941248.7708667429,877836.6828100284
2015-12-26,946725.190766,1725,113594.0,37.62,1,5,26,12,4,2015,52,1083680.315238,893569.902701,708392.807819,645087.0350447,1094155.1631425142,971695.4234891286,897598.18228185
2015-12-27,837714.129168,2582,93020.0,37.62,0,6,27,12,4,2015,52,946725.190766,1095523.5178683,915667.884291,850596.003884,1101748.7757232287,988719.1651282001,908370.9735576108
2015-12-28,789684.9127821,1316,95257.0,36.36,0,0,28,12,4,2015,53,837714.129168,1175416.9636673,1059425.4213405,1070619.802932,1064918.8630517572,983151.0397622715,907910.9066034679
2015-12-29,870762.025758,3848,104623.0,37.88,0,1,29,12,4,2015,53,789684.9127821,1072887.476889,811613.7221567,762036.1239965,1009814.2843538715,963883.8605795285,897877.5176695428
2015-12-30,1030043.735764,9068,118947.0,36.59,0,2,30,12,4,2015,53,870762.025758,1141861.90926,779809.953397,857620.9426407,980939.2199065856,968108.7394081928,901760.5855895963
2015-12-31,964641.5415009999,1638,131826.0,37.13,1,3,31,12,4,2015,53,1030043.735764,1196146.056374,859930.249129,867269.5758400001,964965.1951214428,985982.5810058357,907918.542486857
2016-01-01,16433.394,159,0.0,37.13,1,4,1,1,1,2016,53,964641.5415009999,1083680.315238,809809.748717,676883.031992,931893.1215681572,993461.9590324071,911396.1126890357
2016-01-02,1066677.424862,1832,69628.0,37.13,0,5,2,1,1,2016,53,16433.394,946725.190766,893569.902701,749354.1319635,779429.2756770143,936792.2194097642,887808.6256178928
2016-01-03,1226735.719895,2936,0.0,37.13,0,6,3,1,1,2016,53,1066677.424862,837714.129168,1095523.5178683,966202.367876,796565.3091193,949157.0424212643,899141.6003642678
2016-01-04,955956.875097,1741,17829.0,36.81,0,0,4,1,1,2016,1,1226735.719895,789684.9127821,1175416.9636673,1143119.31945,852139.8220803001,958529.3425660286,908446.362936375
2016-01-05,835320.439089,3950,89018.0,35.97,0,1,5,1,1,2016,1,955956.875097,870762.025758,1072887.476889,822334.708983,875892.9595538572,942853.6219538642,901761.9899237677
2016-01-06,821685.655923,8959,88846.0,33.97,0,2,6,1,1,2016,1,835320.439089,1030043.735764,1141861.90926,712569.16983,870829.875744,925884.5478252928,902225.7659989821
2016-01-07,653504.3669428,1998,80412.0,33.29,0,3,7,1,1,2016,1,821685.655923,964641.5415009999,1196146.056374,747893.782087,841064.4357667144,903014.8154440785,906122.7833594464
2016-01-08,713608.3341557,7235,83344.0,33.2,0,4,8,1,1,2016,1,653504.3669428,16433.394,1083680.315238,657427.1785246,796616.2679726857,864254.6947704215,902751.7328185822
2016-01-09,989209.458148,1793,100975.0,33.2,0,5,9,1,1,2016,1,713608.3341557,1066677.424862,946725.190766,708392.807819,896212.6879949287,837820.9818359714,904758.2026625499
2016-01-10,1094693.83696,2700,97323.0,33.2,0,6,10,1,1,2016,1,989209.458148,1226735.719895,837714.129168,915667.884291,885145.8356072142,840855.5723632572,914787.3687457286
2016-01-11,705495.240963,1467,80506.0,31.42,0,0,11,1,1,2016,2,1094693.83696,955956.875097,789684.9127821,1059425.4213405,866282.7094736428,859211.2657769714,921181.1527696215
2016-01-12,647058.461085,3683,77696.0,30.42,0,1,12,1,1,2016,2,705495.240963,835320.439089,870762.025758,811613.7221567,830502.4760259285,853197.7177898929,908540.7891847107
2016-01-13,660045.317135,8823,76217.0,30.42,0,2,13,1,1,2016,2,647058.461085,821685.655923,1030043.735764,779809.953397,803607.9077396429,837218.8917418215,902663.8155750071
2016-01-14,561972.62307,1917,74909.0,31.22,0,3,14,1,1,2016,2,660045.317135,653504.3669428,964641.5415009999,859930.249129,780516.4307699285,810790.4332683214,898386.5071370786
2016-01-15,671027.100027,7696,83105.0,29.45,0,4,15,1,1,2016,2,561972.62307,713608.3341557,16433.394,809809.748717,767440.4673595286,782028.367666107,887745.1633492571
2016-01-16,959827.146436,2282,99698.0,29.45,0,5,16,1,1,2016,2,671027.100027,989209.458148,1066677.424862,893569.902701,761357.4339125714,828785.06095375,882788.6401817572
2016-01-17,1057997.343303,3141,95155.0,29.45,0,6,17,1,1,2016,2,959827.146436,1094693.83696,1226735.719895,1095523.5178683,757159.9608108571,821152.8982090357,885154.97031515
2016-01-18,709784.229951,2201,81486.0,29.45,0,0,18,1,1,2016,3,1057997.343303,705495.240963,955956.875097,1175416.9636673,751917.6045741428,809100.1570238929,883814.7497949607
2016-01-19,630929.75099,4738,76092.0,28.47,0,1,19,1,1,2016,3,709784.229951,647058.461085,835320.439089,1072887.476889,752530.3172867142,791516.3966563215,867185.0093050929
2016-01-20,738744.013045,10589,82989.0,26.68,0,2,20,1,1,2016,3,630929.75099,660045.317135,821685.655923,1141861.90926,750226.2158445715,776917.0617921072,851400.8048087001
2016-01-21,552820.7690359,940,74141.0,29.55,0,3,21,1,1,2016,3,738744.013045,561972.62307,653504.3669428,1196146.056374,761468.8866888572,770992.6587293929,837003.7370867357
2016-01-22,648431.428037,6542,79760.0,32.07,0,4,22,1,1,2016,3,552820.7690359,671027.100027,713608.3341557,1083680.315238,760161.4789696999,763800.9731646143,814027.833967518
2016-01-23,906754.833923,924,95634.0,32.07,0,5,23,1,1,2016,3,648431.428037,959827.146436,989209.458148,946725.190766,756933.5258282714,759145.4798704216,798483.2308531963
2016-01-24,980927.7570135,1964,89786.0,32.07,0,6,24,1,1,2016,3,906754.833923,1057997.343303,1094693.83696,837714.129168,749351.7668978429,753255.8638543499,797055.7181088036
2016-01-25,658090.687097,782,76042.0,30.31,0,0,25,1,1,2016,4,980927.7570135,709784.229951,705495.240963,789684.9127821,738341.8259993428,745129.7152867429,802170.4905318571
2016-01-26,609465.787904,3075,75639.0,29.54,0,1,26,1,1,2016,4,658090.687097,630929.75099,647058.461085,870762.025758,730957.0341630571,741743.6757248857,797470.6967573892
2016-01-27,647254.67807,8217,76912.0,32.32,0,2,27,1,1,2016,4,609465.787904,738744.013045,660045.317135,1030043.735764,727890.7537221999,739058.4847833856,788138.6882626036
2016-01-28,533709.8489592,2483,73110.0,33.21,0,3,28,1,1,2016,4,647254.67807,552820.7690359,561972.62307,964641.5415009999,714820.8487257714,738144.8677073143,774467.6504878179
2016-01-29,660492.758086,8261,81081.0,33.66,0,4,29,1,1,2016,4,533709.8489592,648431.428037,671027.100027,16433.394,712090.7172862429,736126.0981279715,759077.2328970393
2016-01-30,969938.376831,2791,98201.0,33.66,0,5,30,1,1,2016,4,660492.758086,906754.833923,959827.146436,1066677.424862,713813.7644360999,735373.6451321858,782079.3530429679
2016-01-31,1093211.2294,3759,95671.0,33.66,0,6,31,1,1,2016,4,969938.376831,980927.7570135,1057997.343303,1226735.719895,722839.9848515287,736095.8758746857,778624.3870418608
2016-02-01,872063.3148838,2805,87827.0,31.62,0,0,1,2,1,2016,5,1093211.2294,658090.687097,709784.229951,955956.875097,738880.4809067427,738611.1534530427,773855.655238468
2016-02-02,765233.207779,4924,84928.0,29.9,0,1,2,2,1,2016,5,872063.3148838,609465.787904,630929.75099,835320.439089,769447.9991619999,750202.5166625285,770859.456659425
2016-02-03,772360.939004,9935,84704.0,32.29,0,2,3,2,1,2016,5,765233.207779,647254.67807,738744.013045,821685.655923,791700.4877155714,759795.6207188858,768356.3412554965
2016-02-04,650328.166941,3326,82446.0,31.63,0,3,4,2,1,2016,5,772360.939004,533709.8489592,552820.7690359,653504.3669428,809572.8107061429,762196.829715957,766594.7442226751
2016-02-05,768586.5079877,9244,89355.0,30.86,0,4,5,2,1,2016,5,650328.166941,660492.758086,648431.428037,713608.3341557,826232.5704178285,769161.6438520356,766481.308508325
2016-02-06,941954.07605,3667,100641.0,30.86,0,5,6,2,1,2016,5,768586.5079877,969938.376831,906754.833923,989209.458148,841674.5346895,777744.1495628001,768444.8147166108
2016-02-07,697791.630994,4184,78884.0,30.86,0,6,7,2,1,2016,5,941954.07605,1093211.2294,980927.7570135,1094693.83696,837676.7774350715,780258.3811433,766757.122498825
2016-02-08,636542.677274,3245,75047.0,29.71,1,0,8,2,1,2016,6,697791.630994,872063.3148838,658090.687097,705495.240963,781188.2633770715,760034.3721419071,752582.043714325
2016-02-09,746939.64016,5542,79222.0,27.96,1,1,9,2,1,2016,6,636542.677274,765233.207779,609465.787904,647058.461085,747542.4580042429,758495.2285831214,750119.4521540034
2016-02-10,790988.713851,10965,86720.0,27.54,0,2,10,2,1,2016,6,746939.64016,772360.939004,647254.67807,660045.317135,744929.0912015286,768314.7894585499,753686.6371209678
2016-02-11,646376.371075,5650,81444.0,26.19,0,3,11,2,1,2016,6,790988.713851,650328.166941,533709.8489592,561972.62307,747590.2018939572,778581.50630005,758363.1870036823
2016-02-12,698152.0698755,11248,87451.0,29.32,0,4,12,2,1,2016,6,646376.371075,768586.5079877,660492.758086,671027.100027,747025.6596273857,786629.1150226071,761377.6065752892
2016-02-13,859023.0269945,6018,101849.0,29.32,0,5,13,2,1,2016,6,698152.0698755,941954.07605,969938.376831,959827.146436,736963.5970399285,789319.0658647142,762346.35549845
2016-02-14,940214.498527,6966,99462.0,29.32,0,6,14,2,1,2016,6,859023.0269945,697791.630994,1093211.2294,1057997.343303,725116.3043177143,781396.540876393,758746.2083755393
2016-02-15,746671.290005,5744,83293.0,29.32,0,0,15,2,1,2016,7,940214.498527,636542.677274,872063.3148838,709784.229951,759748.1425367143,770468.2029568929,754539.6782049679
2016-02-16,719111.88609,6223,81192.0,29.05,0,1,16,2,1,2016,7,746671.290005,746939.64016,765233.207779,630929.75099,775480.8014982857,761511.6297512644,755857.0732068963
2016-02-17,723794.722013,11241,80996.0,30.68,0,2,17,2,1,2016,7,719111.88609,790988.713851,772360.939004,738744.013045,771505.4080597144,758217.2496306214,759006.4351747535
2016-02-18,570072.678149,3949,74797.0,30.77,0,3,18,2,1,2016,7,723794.722013,646376.371075,650328.166941,552820.7690359,761906.2663685714,754748.2341312644,758472.5319236107
2016-02-19,672510.133621,9501,82564.0,29.59,0,4,19,2,1,2016,7,570072.678149,698152.0698755,768586.5079877,648431.428037,751005.7388077143,749015.6992175501,759088.6715347928
2016-02-20,883790.2212395,4278,95533.0,29.59,0,5,20,2,1,2016,7,672510.133621,859023.0269945,941954.07605,906754.833923,747342.6050570715,742153.1010485,759948.6253056499
2016-02-21,991384.2700283,5431,91533.0,29.59,0,6,21,2,1,2016,7,883790.2212395,940214.498527,697791.630994,980927.7570135,750880.7756635,737998.5399906071,759128.4605669535
2016-02-22,698907.63622,4009,79775.0,31.37,0,0,22,2,1,2016,8,991384.2700283,746671.290005,636542.677274,658090.687097,758190.7430208286,758969.4427787715,759501.9074603393
2016-02-23,641329.0610941,6027,77672.0,31.84,0,1,23,2,1,2016,8,698907.63622,719111.88609,746939.64016,609465.787904,751367.3639086857,763424.0827034859,760959.6556433036
2016-02-24,675573.377814,11117,78364.0,30.35,0,2,24,2,1,2016,8,641329.0610941,723794.722013,790988.713851,647254.67807,740255.5317664143,755880.4699130644,762097.6296858072
2016-02-25,557959.327812,3236,74029.0,31.4,0,3,25,2,1,2016,8,675573.377814,570072.678149,646376.371075,533709.8489592,733366.7683094144,747636.5173389929,763109.0118195213
2016-02-26,641922.8016649,9782,80200.0,31.65,0,4,26,2,1,2016,8,557959.327812,672510.133621,698152.0698755,660492.758086,731636.2896898427,741321.0142487787,763975.064635693
2016-02-27,916704.0687289999,5172,95659.0,31.65,0,5,27,2,1,2016,8,641922.8016649,883790.2212395,859023.0269945,969938.376831,727266.6708389714,737304.6379480214,763311.8519063678
2016-02-28,994502.727301,6156,90059.0,31.65,0,6,28,2,1,2016,8,916704.0687289999,991384.2700283,940214.498527,1093211.2294,731968.6490517572,741424.7123576285,761410.6266170107
2016-02-29,726619.7578255,3956,80152.0,32.74,0,0,29,2,1,2016,9,994502.727301,698907.63622,746671.290005,872063.3148838,732414.1429478572,745302.4429843428,757885.3229706178
2016-03-01,897927.643296,6666,87759.0,34.39,0,1,1,3,1,2016,9,726619.7578255,641329.0610941,719111.88609,765233.207779,736373.0174629287,743870.190685807,752690.9102185357
2016-03-02,878452.364907,11706,88779.0,34.57,1,2,2,3,1,2016,9,897927.643296,675573.377814,723794.722013,772360.939004,773029.9577774856,756642.74477195,757429.9972012857
2016-03-03,671564.7523075,3490,79787.0,34.56,0,3,3,3,1,2016,9,878452.364907,557959.327812,570072.678149,650328.166941,802012.6702193429,767689.7192643785,761218.9766978214
2016-03-04,747546.7958183,9322,86493.0,35.91,0,4,4,3,1,2016,9,671564.7523075,641922.8016649,672510.133621,768586.5079877,818242.0165758429,774939.1531328429,761977.4261751964
2016-03-05,1028620.677053,3909,102170.0,35.91,0,5,5,3,1,2016,9,747546.7958183,916704.0687289999,883790.2212395,941954.07605,833331.1585977571,780298.9147183642,761226.0078834322
2016-03-06,1078958.5091855,4730,95178.0,35.91,0,6,6,3,1,2016,9,1028620.677053,994502.727301,991384.2700283,697791.630994,849319.2455011857,790643.9472764714,764321.2436335393
2016-03-07,738126.524119,3446,84681.0,37.9,0,0,7,3,1,2016,10,1078958.5091855,726619.7578255,698907.63622,636542.677274,861384.3571989714,796899.2500734143,777934.3464260929
2016-03-08,642291.3448895,5398,84111.0,36.67,0,1,8,3,1,2016,10,738126.524119,897927.643296,641329.0610941,746939.64016,863028.1809551857,799700.599209057,781562.3409562715
2016-03-09,694645.8489091,10754,79580.0,37.62,0,2,9,3,1,2016,10,642291.3448895,878452.364907,675573.377814,790988.713851,826508.7097542571,799769.3337658715,777824.9018394678
2016-03-10,572491.856825,3430,76879.0,37.77,0,3,10,3,1,2016,10,694645.8489091,671564.7523075,557959.327812,646376.371075,800250.6360402714,801131.653129807,774384.0852343999
2016-03-11,664893.5129268001,9111,82962.0,38.51,0,4,11,3,1,2016,10,572491.856825,747546.7958183,641922.8016649,698152.0698755,786097.3652570571,802169.69091645,771745.3525826143
2016-03-12,898101.109871,3825,97275.0,38.51,0,5,12,3,1,2016,10,664893.5129268001,1028620.677053,916704.0687289999,859023.0269945,774289.7534154142,803810.4560065857,770557.5469773037
2016-03-13,954980.3301475,4613,90435.0,38.51,0,6,13,3,1,2016,10,898101.109871,1078958.5091855,994502.727301,940214.498527,755644.1009608429,802481.6732310142,771953.1927943213
2016-03-14,668066.393105,3453,78924.0,37.2,0,0,14,3,1,2016,11,954980.3301475,738126.524119,726619.7578255,746671.290005,737932.9325268429,799658.6448629071,772480.5439236249
2016-03-15,668186.702459,5709,79651.0,36.32,0,1,15,3,1,2016,11,668066.393105,642291.3448895,897927.643296,719111.88609,727924.3423819859,795476.2616685858,769673.2261771964
2016-03-16,739805.377693,10828,81758.0,38.43,0,2,16,3,1,2016,11,668186.702459,694645.8489091,878452.364907,723794.722013,731623.6791776287,779066.1944659429,767854.4696189464
2016-03-17,580452.5319757,4979,76268.0,40.17,0,3,17,3,1,2016,11,739805.377693,572491.856825,671564.7523075,570072.678149,738075.0404324714,769162.8382363714,768426.278750375
2016-03-18,666756.8191527,9539,83179.0,39.47,0,4,18,3,1,2016,11,580452.5319757,664893.5129268001,747546.7958183,672510.133621,739212.2797397143,762654.8224983857,768796.9878156142
2016-03-19,895038.512068,4430,96783.0,39.47,0,5,19,3,1,2016,11,666756.8191527,898101.109871,1028620.677053,883790.2212395,739478.4663434143,756884.1098794144,768591.5122988893
2016-03-20,929605.582019,5296,89769.0,39.47,0,6,20,3,1,2016,11,895038.512068,954980.3301475,1078958.5091855,991384.2700283,739040.9523715571,747342.5266662,768993.2369713357
2016-03-21,690469.800941,4119,81185.0,39.91,0,0,21,3,1,2016,12,929605.582019,668066.393105,738126.524119,698907.63622,735415.9883532,736674.4604400214,766786.8552567179
2016-03-22,622695.8369947,5900,77409.0,41.45,0,1,22,3,1,2016,12,690469.800941,668186.702459,642291.3448895,641329.0610941,738616.4751869142,733270.40878445,766485.5039967535
2016-03-23,714881.17408,11249,82331.0,38.28,0,2,23,3,1,2016,12,622695.8369947,739805.377693,694645.8489091,675573.377814,732117.7801205857,731870.7296491071,765820.0317074892
2016-03-24,660489.8450025,2340,86834.0,38.14,0,3,24,3,1,2016,12,714881.17408,580452.5319757,572491.856825,557959.327812,728557.1796044429,733316.1100184572,767223.8815741321
2016-03-25,633524.200062,7584,78832.0,38.14,1,4,25,3,1,2016,12,660489.8450025,666756.8191527,664893.5129268001,641922.8016649,739991.0814654144,739601.6806025642,770885.6857595071
2016-03-26,800133.5174955,2400,91232.0,38.14,0,5,26,3,1,2016,12,633524.200062,895038.512068,898101.109871,916704.0687289999,735243.5644524571,737361.0153979358,770585.7357022606
2016-03-27,833336.064862,3329,82305.0,38.14,0,6,27,3,1,2016,12,800133.5174955,929605.582019,954980.3301475,994502.727301,721685.7080849571,730363.3302282572,766422.5017296358
2016-03-28,661057.8656583,2380,76647.0,37.99,0,0,28,3,1,2016,13,833336.064862,690469.800941,668066.393105,726619.7578255,707932.9199196715,721674.4541364358,760666.5494996713
2016-03-29,621166.0630926,4467,75782.0,36.91,0,1,29,3,1,2016,13,661057.8656583,622695.8369947,668186.702459,897927.643296,703731.2148792858,721173.8450331,758325.0533508429
2016-03-30,660138.988943,9807,75656.0,36.91,0,2,30,3,1,2016,13,621166.0630926,714881.17408,739805.377693,878452.364907,703512.6757504143,717815.2279355001,748440.7112007214
2016-03-31,617374.3379607,3581,77024.0,36.94,0,3,31,3,1,2016,13,660138.988943,660489.8450025,580452.5319757,671564.7523075,695692.3635879857,712124.7715962144,740643.804916293
2016-04-01,872467.3200749999,9793,89055.0,35.36,1,4,1,4,2,2016,13,617374.3379607,633524.200062,666756.8191527,747546.7958183,689533.005439157,714762.0434522858,738708.4329753357
2016-04-02,1150824.580929,3941,104451.0,35.36,0,5,2,4,2,2016,13,872467.3200749999,800133.5174955,895038.512068,1028620.677053,723667.7368695857,729455.6506610214,743169.8802702178
2016-04-03,1266908.291001,5092,103230.0,35.36,0,6,3,4,2,2016,13,1150824.580929,833336.064862,929605.582019,1078958.5091855,773766.4602172285,747726.0841510928,747534.3054086465
2016-04-04,795237.1920634999,3643,85017.0,34.3,0,0,4,4,2,2016,14,1266908.291001,661057.8656583,690469.800941,738126.524119,835705.3496656573,771819.1347926642,754246.7976163429
2016-04-05,725750.101045,5677,82629.0,34.52,0,1,5,4,2,2016,14,795237.1920634999,621166.0630926,622695.8369947,642291.3448895,854873.8248664,779302.5198728429,756286.4643286464
2016-04-06,744784.8430795,11186,81402.0,37.74,0,2,6,4,2,2016,14,725750.101045,660138.988943,714881.17408,694645.8489091,869814.4017167428,786663.5387335785,759267.1341913429
2016-04-07,587939.720177,3080,76736.0,37.3,0,3,7,4,2,2016,14,744784.8430795,617374.3379607,660489.8450025,572491.856825,881906.6665933857,788799.5150906856,761057.8125545715
2016-04-08,689727.1961377,9240,83533.0,39.74,0,4,8,4,2,2016,14,587939.720177,872467.3200749999,633524.200062,664893.5129268001,877701.7211957143,783617.3633174357,761609.5219599999
2016-04-09,927981.389244,4143,97454.0,39.74,0,5,9,4,2,2016,14,689727.1961377,1150824.580929,800133.5174955,898101.109871,851595.9892046714,787631.8630371286,762496.4392175322
2016-04-10,1008876.737901,5403,91977.0,39.74,0,6,10,4,2,2016,14,927981.389244,1266908.291001,833336.064862,954980.3301475,819761.2475353858,796763.853876307,763563.5920522821
2016-04-11,665348.963943,4377,77860.0,40.46,0,0,11,4,2,2016,15,1008876.737901,795237.1920634999,661057.8656583,668066.393105,782899.5970925287,809302.4733790929,765488.4637577643
2016-04-12,651657.0342615,6825,82484.0,42.12,1,1,12,4,2,2016,15,665348.963943,725750.101045,621166.0630926,668186.702459,764344.1359324573,809608.9803994285,765391.4127162643
2016-04-13,672611.48105,12374,79657.0,41.7,0,2,13,4,2,2016,15,651657.0342615,744784.8430795,660138.988943,739805.377693,753759.4121062428,811786.9069114927,764801.0674234964
2016-04-14,546785.2089455,3484,74291.0,41.45,1,3,14,4,2,2016,15,672611.48105,587939.720177,617374.3379607,580452.5319757,743448.9318163142,812677.7992048499,762401.2854005321
2016-04-15,667606.299867,9158,82751.0,40.4,0,4,15,4,2,2016,15,546785.2089455,689727.1961377,872467.3200749999,666756.8191527,737569.7159260999,807635.7185609072,761198.8810065965
2016-04-16,862121.492036,3954,90313.0,40.4,1,5,16,4,2,2016,15,667606.299867,927981.389244,1150824.580929,895038.512068,734409.5878874286,793002.78854605,761229.2196035357
2016-04-17,1271833.739255,4986,93018.0,40.4,1,6,17,4,2,2016,15,862121.492036,1008876.737901,1266908.291001,929605.582019,725001.0311434285,772381.1393394071,760053.6117452501
2016-04-18,1345920.6048929,4075,103559.0,39.74,1,0,18,4,2,2016,16,1271833.739255,665348.963943,795237.1920634999,690469.800941,762566.3170511428,772732.9570718358,772276.04593225
2016-04-19,1152089.208085,6110,99289.0,40.88,1,1,19,4,2,2016,16,1345920.6048929,651657.0342615,725750.101045,622695.8369947,859790.8371868429,812067.4865596499,795685.0032162464
2016-04-20,1062426.2900389,12650,95079.0,42.72,1,2,20,4,2,2016,16,1152089.208085,672611.48105,744784.8430795,714881.17408,931281.147733057,842520.27991965,814591.9093266142
2016-04-21,1001079.779168,5526,85533.0,43.18,1,3,21,4,2,2016,16,1062426.2900389,546785.2089455,587939.720177,660489.8450025,986968.9775886142,865208.9547024643,827004.2348965751
2016-04-22,857059.24399,11038,86662.0,42.76,1,4,22,4,2,2016,16,1001079.779168,667606.299867,689727.1961377,633524.200062,1051868.2019061144,894718.9589161072,839168.1611167714
2016-04-23,1022143.1346499,5737,100468.0,42.76,1,5,23,4,2,2016,16,857059.24399,862121.492036,927981.389244,800133.5174955,1078932.9082094,906671.2480484142,847151.5555427715
2016-04-24,1039369.932014,6762,93993.0,42.76,1,6,24,4,2,2016,16,1022143.1346499,1271833.739255,1008876.737901,833336.064862,1101793.1428685286,913397.0870059786,855080.4704411428
2016-04-25,680000.753839,5125,78301.0,41.67,1,0,25,4,2,2016,17,1039369.932014,1345920.6048929,665348.963943,661057.8656583,1068584.0275483856,915575.1722997642,862438.8228394286
2016-04-26,704799.4182328,7306,77218.0,42.52,1,1,26,4,2,2016,17,680000.753839,1152089.208085,651657.0342615,621166.0630926,973452.6202549714,916621.7287209071,863115.3545601678
2016-04-27,670288.098041,13522,77369.0,45.29,1,2,27,4,2,2016,17,704799.4182328,1062426.2900389,672611.48105,660138.988943,909554.0788475143,920417.6132902857,866102.2601008891
2016-04-28,543339.849013,6363,72957.0,46.03,1,3,28,4,2,2016,17,670288.098041,1001079.779168,546785.2089455,617374.3379607,853534.3371335287,920251.6573610714,866464.7282829607
2016-04-29,708711.428894,14393,82711.0,45.98,1,4,29,4,2,2016,17,543339.849013,857059.24399,667606.299867,872467.3200749999,788142.9185399571,920005.5602230356,863820.6393919715
2016-04-30,1067335.770093,10349,102800.0,45.98,1,5,30,4,2,2016,17,708711.428894,1022143.1346499,862121.492036,1150824.580929,766950.3735262428,922941.6408678215,857972.2147069357
2016-05-01,1270121.20756,12056,102012.0,45.98,1,6,1,5,2,2016,17,1067335.770093,1039369.932014,1271833.739255,1266908.291001,773406.4643038285,937599.8035861786,854990.4714627928
2016-05-02,973985.670432,9677,85259.0,44.75,1,0,2,5,2,2016,18,1270121.20756,680000.753839,1345920.6048929,795237.1920634999,806370.9322389716,937477.4798936787,855105.2184827571
2016-05-03,792205.5501393,12286,85500.0,43.65,1,1,3,5,2,2016,18,973985.670432,704799.4182328,1152089.208085,725750.101045,848368.7774665429,910910.6988607572,861489.0927102036
2016-05-04,798654.4540987,17422,86207.0,43.77,1,2,4,5,2,2016,18,792205.5501393,670288.098041,1062426.2900389,744784.8430795,860855.3677388999,885204.7232932072,863862.5016064286
2016-05-05,648701.6029645,9971,82198.0,44.33,1,3,5,5,2,2016,18,798654.4540987,543339.849013,1001079.779168,587939.720177,879193.4186042857,866363.8778689072,865786.4162856856
2016-05-06,761422.5161262,16096,91159.0,44.58,1,4,6,5,2,2016,18,648701.6029645,708711.428894,857059.24399,689727.1961377,894245.0977402143,841194.0081400856,867956.4835280965
2016-05-07,1071192.776983,10650,118222.0,44.58,1,5,7,5,2,2016,18,761422.5161262,1067335.770093,1022143.1346499,927981.389244,901775.2530591,834362.8132926716,870517.030670543
2016-05-08,820824.6380683,10736,97132.0,44.58,1,6,8,5,2,2016,18,1071192.776983,1270121.20756,1039369.932014,1008876.737901,902326.2540433856,837866.3591736071,875631.7230897929
2016-05-09,771767.6541339,10233,82043.0,43.45,1,0,9,5,2,2016,19,820824.6380683,973985.670432,680000.753839,665348.963943,838141.0298302857,822255.9810346287,868915.5766671965
2016-05-10,693010.486981,12099,78194.0,44.68,1,1,10,5,2,2016,19,771767.6541339,792205.5501393,704799.4182328,651657.0342615,809252.7417877,828810.7596271214,872716.2441740142
2016-05-11,727543.4630335,15793,80761.0,46.21,1,2,11,5,2,2016,19,693010.486981,798654.4540987,670288.098041,672611.48105,795082.0184793714,827968.6931091358,874193.1531997108
2016-05-12,603394.2070997,8951,76099.0,46.64,1,3,12,5,2,2016,19,727543.4630335,648701.6029645,543339.849013,546785.2089455,784923.3054700571,832058.3620371715,876155.0096991215
2016-05-13,666833.8999414,14003,82265.0,46.22,1,4,13,5,2,2016,19,603394.2070997,761422.5161262,708711.428894,667606.299867,778450.8203465143,836347.9590433643,878176.7596332
2016-05-14,932869.5212631,9545,97755.0,46.22,1,5,14,5,2,2016,19,666833.8999414,1071192.776983,1067335.770093,862121.492036,764938.1608915429,833356.7069753214,878149.1739215713
2016-05-15,1070331.66738,10418,95910.0,46.22,1,6,15,5,2,2016,19,932869.5212631,820824.6380683,1270121.20756,1271833.739255,745177.6957887,823751.9749160429,880675.8892511107
2016-05-16,748112.686851,8877,81129.0,47.72,1,0,16,5,2,2016,20,1070331.66738,771767.6541339,973985.670432,1345920.6048929,780821.557118943,809481.2934746143,873479.3866841465
2016-05-17,661930.83884,10975,78372.0,48.29,0,1,17,5,2,2016,20,748112.686851,693010.486981,792205.5501393,1152089.208085,777442.2760785286,793347.5089331142,852129.1038969357
2016-05-18,671232.9593407,14599,74552.0,48.12,0,2,18,5,2,2016,20,661930.83884,727543.4630335,798654.4540987,1062426.2900389,773002.3263441001,784042.1724117358,834623.4478524715
2016-05-19,581470.5602065,8973,74826.0,48.16,0,3,19,5,2,2016,20,671232.9593407,603394.2070997,648701.6029645,1001079.779168,764957.9686737001,774940.6370718785,820652.2574703927
2016-05-20,706024.0579254,14004,84185.0,47.67,0,4,20,5,2,2016,20,581470.5602065,666833.8999414,761422.5161262,857059.24399,761826.0191175286,770138.4197320214,805666.2139360536
2016-05-21,910757.16309,9307,97053.0,47.67,0,5,21,5,2,2016,20,706024.0579254,932869.5212631,1071192.776983,1022143.1346499,767424.6131152428,766181.3870033928,800272.1001480322
2016-05-22,1030671.62292,10339,93629.0,47.67,0,6,22,5,2,2016,20,910757.16309,1070331.66738,820824.6380683,1039369.932014,764265.7048047999,754721.70029675,796294.0297351786
2016-05-23,695004.681298,8534,79595.0,48.12,0,0,23,5,2,2016,21,1030671.62292,748112.686851,771767.6541339,680000.753839,758599.9841676572,769710.7706433,795983.3758389644
2016-05-24,606377.2052165,10606,74225.0,48.04,0,1,24,5,2,2016,21,695004.681298,661930.83884,693010.486981,704799.4182328,751013.1262315143,764227.7011550214,796519.2303910714
2016-05-25,637512.038734,15657,75039.0,49.1,0,2,25,5,2,2016,21,606377.2052165,671232.9593407,727543.4630335,670288.098041,743076.8928567285,758039.6096004143,793004.1513547751
2016-05-26,571968.623123,10758,74328.0,49.0,0,3,26,5,2,2016,21,637512.038734,581470.5602065,603394.2070997,543339.849013,738259.6184843427,751608.7935790215,791833.5778080964
2016-05-27,852689.219312,17133,88580.0,49.36,1,4,27,5,2,2016,21,571968.623123,706024.0579254,666833.8999414,708711.428894,736902.1989009856,749364.1090092572,792856.0340263107
2016-05-28,816187.2200643,11524,89086.0,49.36,0,5,28,5,2,2016,21,852689.219312,910757.16309,932869.5212631,1067335.770093,757854.3648133572,762639.4889643,797998.0979698107
2016-05-29,959853.658039,12737,87606.0,49.36,0,6,29,5,2,2016,21,816187.2200643,1030671.62292,1070331.66738,1270121.20756,744344.3729525428,754305.0388786715,789028.5068973572
2016-05-30,752452.419172,11392,80249.0,49.36,0,0,30,5,2,2016,22,959853.658039,695004.681298,748112.686851,973985.670432,734227.5208266856,746413.7524971714,777947.522985893
2016-05-31,974327.9898907,14668,92987.0,49.1,0,1,31,5,2,2016,22,752452.419172,606377.2052165,661930.83884,792205.5501393,742434.3405229714,746723.7333772428,770035.6211551785
2016-06-01,811525.320315,15912,88574.0,49.07,0,2,1,6,2,2016,22,974327.9898907,637512.038734,671232.9593407,798654.4540987,794998.7383335715,769037.81559515,776539.9940034428
2016-06-02,694535.9356793,8059,79393.0,49.14,0,3,2,6,2,2016,22,811525.320315,571968.623123,581470.5602065,648701.6029645,819857.7785594285,779058.6985218858,776999.6677968821
2016-06-03,742363.085208,11747,84747.0,48.69,0,4,3,6,2,2016,22,694535.9356793,852689.219312,706024.0579254,761422.5161262,837367.3946389,787134.7967699429,778636.6082509821
2016-06-04,1011996.61607,6666,100607.0,48.69,0,5,4,6,2,2016,22,742363.085208,816187.2200643,910757.16309,1071192.776983,821606.5183383286,789730.4415758429,777955.9142896178
2016-06-05,1123734.4361,7628,97418.0,48.69,0,6,5,6,2,2016,22,1011996.61607,959853.658039,1030671.62292,820824.6380683,849579.2891962858,796961.8310744144,775841.7656855823
2016-06-06,729894.222866,6262,80840.0,49.71,0,0,6,6,2,2016,23,1123734.4361,752452.419172,695004.681298,771767.6541339,872990.8289192858,803609.1748729857,786659.9727581429
2016-06-07,658714.653306,8345,78126.0,50.37,0,1,7,6,2,2016,23,729894.222866,974327.9898907,606377.2052165,693010.486981,869768.229447,806101.2849849857,785164.4930700036
2016-06-08,696747.5498651,13972,79997.0,51.23,0,2,8,6,2,2016,23,658714.653306,811525.320315,637512.038734,727543.4630335,824680.6099349,809839.6741342357,783939.641867325
2016-06-09,547139.6129411,6261,73785.0,50.52,0,3,9,6,2,2016,23,696747.5498651,694535.9356793,571968.623123,603394.2070997,808283.7855849144,814070.7820721715,782839.7878255964
2016-06-10,637354.31962,12011,80306.0,49.09,0,4,10,6,2,2016,23,547139.6129411,742363.085208,852689.219312,666833.8999414,787227.1680508858,812297.2813448928,780830.6951770751
2016-06-11,845838.2061645,7639,93473.0,49.09,0,5,11,6,2,2016,23,637354.31962,1011996.61607,816187.2200643,932869.5212631,772225.9158240285,796916.2170811787,779777.8530227393
2016-06-12,947479.764963,8585,89740.0,49.09,0,6,12,6,2,2016,23,845838.2061645,1123734.4361,959853.658039,1070331.66738,748489.0001232428,799034.1446597642,776669.5917692179
2016-06-13,685382.193062,7235,76448.0,48.89,0,0,13,6,2,2016,24,947479.764963,729894.222866,752452.419172,748112.686851,723309.7613893857,798150.2951543358,772282.0238257535
2016-06-14,622267.7731045,9714,75874.0,48.49,0,1,14,6,2,2016,24,685382.193062,658714.653306,974327.9898907,661930.83884,716950.8999888144,793359.5647179072,770041.6490475751
2016-06-15,708327.6370845,16034,79905.0,47.92,0,2,15,6,2,2016,24,622267.7731045,696747.5498651,811525.320315,671232.9593407,711744.2028171716,768212.4063760357,768625.1109855928
2016-06-16,620526.243001,7642,80605.0,46.14,0,3,16,6,2,2016,24,708327.6370845,547139.6129411,694535.9356793,581470.5602065,713398.5009913715,760841.1432881429,769949.9209050144
2016-06-17,737897.438279,13274,85614.0,48.0,0,4,17,6,2,2016,24,620526.243001,637354.31962,742363.085208,706024.0579254,723882.3052856429,755554.7366682644,771344.7667191036
2016-06-18,972971.109711,8524,107418.0,48.0,0,5,18,6,2,2016,24,737897.438279,845838.2061645,1011996.61607,910757.16309,738245.6079512143,755235.7618876214,772483.1017317321
2016-06-19,837363.023871,8814,92469.0,48.0,0,6,19,6,2,2016,24,972971.109711,947479.764963,1123734.4361,1030671.62292,756407.451315,752448.2257191214,774705.0283967679
2016-06-20,735754.3648971,7609,80226.0,49.4,0,0,20,6,2,2016,25,837363.023871,685382.193062,729894.222866,695004.681298,740676.4883018571,731993.1248456214,767801.1498593035
2016-06-21,679248.0220203,9623,78278.0,48.95,0,1,21,6,2,2016,25,735754.3648971,622267.7731045,658714.653306,606377.2052165,747872.5128497287,732411.7064192714,769256.4957021286
2016-06-22,677730.6512057,15476,77260.0,49.16,0,2,22,6,2,2016,25,679248.0220203,708327.6370845,696747.5498651,637512.038734,756012.5484091287,733878.3756131501,771859.0248736928
2016-06-23,559653.337429,6384,72356.0,49.34,1,3,23,6,2,2016,25,677730.6512057,620526.243001,547139.6129411,571968.623123,751641.5504264429,732520.0257089072,773295.4038905392
2016-06-24,641812.675912,11846,78517.0,46.7,0,4,24,6,2,2016,25,559653.337429,737897.438279,637354.31962,852689.219312,742945.4210590143,733413.8631723287,772855.5722586109
2016-06-25,860296.8349625,6984,91094.0,46.7,1,5,25,6,2,2016,25,641812.675912,972971.109711,845838.2061645,816187.2200643,729219.0264351573,733732.3171931857,765324.2671371821
2016-06-26,954344.666933,8257,88209.0,46.7,0,6,26,6,2,2016,25,860296.8349625,837363.023871,947479.764963,959853.658039,713122.7014710857,734765.0763930428,766899.6105264035
2016-06-27,684735.608995,6513,75781.0,45.8,0,0,27,6,2,2016,26,954344.666933,735754.3648971,685382.193062,752452.419172,729834.3647656571,735255.426533757,766702.8608440465
2016-06-28,596948.934953,8118,73787.0,47.93,0,1,28,6,2,2016,26,684735.608995,679248.0220203,622267.7731045,974327.9898907,722545.9710653571,735209.2419575427,764284.4033377249
2016-06-29,632489.476942,13620,76350.0,49.85,0,2,29,6,2,2016,26,596948.934953,677730.6512057,708327.6370845,811525.320315,710788.9586271715,733400.7535181501,750806.5799470928
2016-06-30,554144.864923,6662,73866.0,48.27,0,3,30,6,2,2016,26,632489.476942,559653.337429,620526.243001,694535.9356793,704325.9337323571,727983.7420794001,744412.4426837715
2016-07-01,857027.5539605,12713,89711.0,49.02,0,4,1,7,3,2016,26,554144.864923,641812.675912,737897.438279,742363.085208,703539.0090886429,723242.2150738285,739398.4758710464
2016-07-02,1078485.141848,7331,101902.0,49.02,0,5,2,7,3,2016,26,857027.5539605,860296.8349625,972971.109711,1011996.61607,734283.9916669999,731751.5090510786,743493.63546935
2016-07-03,1126713.707945,8070,96041.0,49.02,1,6,3,7,3,2016,26,1078485.141848,954344.666933,837363.023871,1123734.4361,765453.7497934999,739288.2256322929,745868.2256757071
2016-07-04,850891.598845,6906,84992.0,49.02,0,0,4,7,3,2016,27,1126713.707945,684735.608995,735754.3648971,729894.222866,790077.8985095,759956.1316375786,745974.6282415999
2016-07-05,728011.558041,9188,82089.0,46.73,0,1,5,7,3,2016,27,850891.598845,596948.934953,679248.0220203,658714.653306,813814.4684880715,768180.2197767143,750295.9630979929
2016-07-06,752110.940641,16405,83135.0,47.37,0,2,6,7,3,2016,27,728011.558041,632489.476942,677730.6512057,696747.5498651,832537.7003577857,771663.3294924785,752770.8525528143
2016-07-07,591702.7820185,5265,76107.0,45.22,0,3,7,7,3,2016,27,752110.940641,554144.864923,559653.337429,547139.6129411,849626.4808862143,776976.2073092858,754748.1165090965
2016-07-08,688563.400224,12532,83553.0,45.37,0,4,8,7,3,2016,27,591702.7820185,857027.5539605,641812.675912,637354.31962,854991.8976141429,779265.4533513928,756339.6582618607
2016-07-09,868259.9708787,7671,94026.0,45.37,0,5,9,7,3,2016,27,688563.400224,1078485.141848,860296.8349625,845838.2061645,830925.5899375,782604.7908022499,758168.5539977179
2016-07-10,932486.3001359,8786,88752.0,45.37,0,6,10,7,3,2016,27,868259.9708787,1126713.707945,954344.666933,947479.764963,800893.4226561714,783173.5862248357,758969.3313089393
2016-07-11,688436.1450485,7134,78942.0,44.73,0,0,11,7,3,2016,28,932486.3001359,850891.598845,684735.608995,685382.193062,773146.6501120143,781612.2743107572,758433.8504222572
2016-07-12,627039.780111,8817,76267.0,46.82,0,1,12,7,3,2016,28,688436.1450485,728011.558041,596948.934953,622267.7731045,749938.7281410856,781876.5983145786,758542.9201360607
2016-07-13,642494.4024465,13382,76173.0,44.87,0,2,13,7,3,2016,28,627039.780111,752110.940641,632489.476942,708327.6370845,735514.1884367999,784025.9443972929,758713.3489577214
2016-07-14,535124.328126,5346,73094.0,45.64,0,3,14,7,3,2016,28,642494.4024465,591702.7820185,554144.864923,620526.243001,719854.6829804428,784740.5819333285,756362.1620063642
2016-07-15,675032.4290353,11407,82144.0,45.93,0,4,15,7,3,2016,28,535124.328126,688563.400224,857027.5539605,737897.438279,711772.0467100857,783381.9721621143,753312.0936179714
2016-07-16,887192.885063,6365,94503.0,45.93,0,5,16,7,3,2016,28,675032.4290353,868259.9708787,1078485.141848,972971.109711,709839.0508259858,770382.3203817429,751066.9147164107
2016-07-17,932586.6967328,7336,87873.0,45.93,0,6,17,7,3,2016,28,887192.885063,932486.3001359,1126713.707945,837363.023871,712543.7528523143,756718.5877542429,748003.4066932678
2016-07-18,702619.751022,5892,80328.0,45.23,0,0,18,7,3,2016,29,932586.6967328,688436.1450485,850891.598845,735754.3648971,712558.0952233,742852.3726676572,751404.2521526179
2016-07-19,633176.2922806,7823,77023.0,44.64,0,1,19,7,3,2016,29,702619.751022,627039.780111,728011.558041,679248.0220203,714584.3246480857,732261.5263945857,750220.8730856499
2016-07-20,686848.847004,13216,81266.0,44.96,0,2,20,7,3,2016,29,633176.2922806,642494.4024465,752110.940641,677730.6512057,715460.9692437428,725487.5788402715,748575.454166375
2016-07-21,578823.6890245,5644,74264.0,43.96,0,3,21,7,3,2016,29,686848.847004,535124.328126,591702.7820185,559653.337429,721797.3184662428,720826.0007233428,748901.1040163143
2016-07-22,646633.655341,10352,80531.0,43.41,0,4,22,7,3,2016,29,578823.6890245,675032.4290353,688563.400224,641812.675912,728040.0843088857,719906.0655094858,749585.7594304392
2016-07-23,822292.472006,5882,91301.0,43.41,1,5,23,7,3,2016,29,646633.655341,887192.885063,868259.9708787,860296.8349625,723983.1166382714,716911.0837321285,749757.9372671893
2016-07-24,847867.677942,6813,85106.0,43.41,1,6,24,7,3,2016,29,822292.472006,932586.6967328,932486.3001359,954344.666933,714711.6290587,713627.6909555072,748400.6385901714
2016-07-25,697383.602092,5681,79203.0,42.4,0,0,25,7,3,2016,30,847867.677942,702619.751022,688436.1450485,684735.608995,702608.9120885857,707583.503655943,744597.88898335
2016-07-26,622771.923903,7550,76524.0,42.16,0,1,26,7,3,2016,30,697383.602092,633176.2922806,627039.780111,596948.934953,701860.8908128714,708222.6077304786,745049.6030225287
2016-07-27,651121.9849837,10781,77731.0,41.9,0,2,27,7,3,2016,30,622771.923903,686848.847004,642494.4024465,632489.476942,700374.5524732143,707917.7608584786,745971.8526278858
2016-07-28,533256.2493581,5647,71935.0,41.13,0,3,28,7,3,2016,30,651121.9849837,578823.6890245,535124.328126,554144.864923,695270.7150417429,708534.0167539929,746637.2993436606
2016-07-29,669585.8378729,11243,82140.0,41.54,0,4,29,7,3,2016,30,533256.2493581,646633.655341,675032.4290353,857027.5539605,688761.0808036857,708400.5825562858,745891.2773592001
2016-07-30,910213.871959,6377,96249.0,41.54,0,5,30,7,3,2016,30,669585.8378729,822292.472006,887192.885063,1078485.141848,692039.9640225285,708011.5403304,739196.9303560714
2016-07-31,997916.9572141,7050,91182.0,41.54,0,6,31,7,3,2016,30,910213.871959,847867.677942,932586.6967328,1126713.707945,704600.1640158143,709655.8965372571,733187.24214575
2016-08-01,895580.405053,5349,87637.0,40.05,0,0,1,8,3,2016,31,997916.9572141,697383.602092,702619.751022,850891.598845,726035.7753403999,714322.3437144927,728587.358191075
2016-08-02,777592.8388893,7884,85044.0,39.5,0,1,2,8,3,2016,31,895580.405053,622771.923903,633176.2922806,728011.558041,754349.6043348286,728105.24757385,730183.3869842179
2016-08-03,779844.8100532,13361,84532.0,40.8,0,2,3,8,3,2016,31,777592.8388893,651121.9849837,686848.847004,752110.940641,776466.8779043,738420.7151887572,731954.1470145143
2016-08-04,622883.098161,5955,78516.0,41.92,0,3,4,8,3,2016,31,779844.8100532,533256.2493581,578823.6890245,591702.7820185,794855.8529142287,745063.2839779857,732944.6423506644
2016-08-05,704092.7391311,11624,84616.0,41.83,1,4,5,8,3,2016,31,622883.098161,669585.8378729,646633.655341,688563.400224,807659.6884575001,748210.3846305928,734058.2250700392
2016-08-06,858903.2119025,6266,93146.0,41.83,0,5,6,8,3,2016,31,704092.7391311,910213.871959,822292.472006,868259.9708787,812589.2457801,752314.6049013144,734612.8443167213
2016-08-07,904321.436838,7562,87403.0,41.83,0,6,7,8,3,2016,31,858903.2119025,997916.9572141,847867.677942,932486.3001359,805259.1514863143,754929.6577510642,734278.6743532857
2016-08-08,715195.5388238,6231,81072.0,43.06,0,0,8,8,3,2016,32,904321.436838,895580.405053,697383.602092,688436.1450485,791888.3628611572,758962.0691007785,733272.7863783607
2016-08-09,635538.981035,8593,77133.0,42.78,0,1,9,8,3,2016,32,715195.5388238,777592.8388893,622771.923903,627039.780111,766119.0962569857,760234.3502959071,734228.4790131928
2016-08-10,658457.436112,13998,79006.0,41.75,0,2,10,8,3,2016,32,635538.981035,779844.8100532,651121.9849837,642494.4024465,745825.6879920857,761146.2829481929,734532.0219033357
2016-08-11,596729.279945,6448,77945.0,43.51,0,3,11,8,3,2016,32,658457.436112,622883.098161,533256.2493581,535124.328126,728484.6345719142,761670.2437430714,735102.1302485323
2016-08-12,745662.5051491,11760,83425.0,44.47,1,4,12,8,3,2016,32,596729.279945,704092.7391311,669585.8378729,675032.4290353,724748.3748267713,766204.0316421356,737302.3070992107
2016-08-13,714905.9190669,6521,84685.0,44.47,0,5,13,8,3,2016,32,745662.5051491,858903.2119025,910213.871959,887192.885063,730686.9128293429,771638.0793047213,739824.8098175607
2016-08-14,761826.1289779,7400,78472.0,44.47,0,6,14,8,3,2016,32,714905.9190669,904321.436838,997916.9572141,932586.6967328,710115.8709956857,757687.511241,733671.7038891286
2016-08-15,720032.299881,6925,81379.0,45.72,1,0,15,8,3,2016,33,761826.1289779,715195.5388238,895580.405053,702619.751022,689759.3984442429,740823.8806527,727573.1121835964
2016-08-16,718671.651353,8896,81063.0,46.57,0,1,16,8,3,2016,33,720032.299881,635538.981035,777592.8388893,633176.2922806,690450.364309557,728284.7302832714,728194.9889285607
2016-08-17,725945.703034,14445,81405.0,46.81,0,2,17,8,3,2016,33,718671.651353,658457.436112,779844.8100532,686848.847004,702326.4600692715,724076.0740306786,731248.3946097179
2016-08-18,577350.5209386,6847,75159.0,48.2,0,3,18,8,3,2016,33,725945.703034,596729.279945,622883.098161,578823.6890245,711967.6410581284,720226.1378150213,732644.7108965035
2016-08-19,678767.115815,12171,82021.0,48.48,0,4,19,8,3,2016,33,577350.5209386,745662.5051491,704092.7391311,646633.655341,709199.2469143572,716973.8108705643,732592.0977505787
2016-08-20,828986.33584,7317,91798.0,48.48,0,5,20,8,3,2016,33,678767.115815,714905.9190669,858903.2119025,822292.472006,699642.7627237715,715164.8377765572,733739.7213389358
2016-08-21,901870.149939,8091,87188.0,48.48,0,6,21,8,3,2016,33,828986.33584,761826.1289779,904321.436838,847867.677942,715939.9651199285,713027.9180578071,733978.7879044358
2016-08-22,714866.233843,6907,80624.0,46.8,0,0,22,8,3,2016,34,901870.149939,720032.299881,715195.5388238,697383.602092,735946.2538286571,712852.82613645,735907.4476186143
2016-08-23,660819.9779755,8720,78531.0,47.54,0,1,23,8,3,2016,34,714866.233843,718671.651353,635538.981035,622771.923903,735208.2443946572,712829.3043521071,736531.827324007
2016-08-24,674613.0479498,13484,78434.0,46.29,1,2,24,8,3,2016,34,660819.9779755,725945.703034,658457.436112,651121.9849837,726943.7196264428,714635.0898478571,737890.6863980249
2016-08-25,554421.529139,5714,73746.0,46.97,0,3,25,8,3,2016,34,674613.0479498,577350.5209386,596729.279945,533256.2493581,719610.4831858429,715789.0621219857,738729.6529325286
2016-08-26,646698.272887,11058,79541.0,47.64,0,4,26,8,3,2016,34,554421.529139,678767.115815,745662.5051491,669585.8378729,716334.9129287571,712767.0799215572,739485.5557818463
2016-08-27,791047.534486,6313,87841.0,47.64,0,5,27,8,3,2016,34,646698.272887,828986.33584,714905.9190669,910213.871959,711753.6496533286,705698.2061885501,738668.1427466357
2016-08-28,858802.419759,7180,83646.0,47.64,0,6,28,8,3,2016,34,791047.534486,901870.149939,761826.1289779,997916.9572141,706333.8208884716,711136.8930042001,734412.2021226
2016-08-29,671845.736816,6096,75798.0,46.97,0,0,29,8,3,2016,35,858802.419759,714866.233843,720032.299881,895580.405053,700181.2880056143,718063.7709171356,729443.8257849178
2016-08-30,624711.335056,8397,75043.0,46.32,0,1,30,8,3,2016,35,671845.736816,660819.9779755,718671.651353,777592.8388893,694035.5027160429,714621.87355535,721453.3019193106
2016-08-31,731430.1240452,14079,80262.0,44.68,0,2,31,8,3,2016,35,624711.335056,674613.0479498,725945.703034,779844.8100532,688877.1251561142,707910.4223912786,715993.2482109786
2016-09-01,718105.570925,6204,80863.0,43.17,0,3,1,9,3,2016,35,731430.1240452,554421.529139,577350.5209386,622883.098161,696993.8503125999,708302.1667492214,714264.1522821214
2016-09-02,837129.587642,11445,88068.0,44.39,0,4,2,9,3,2016,35,718105.570925,646698.272887,678767.115815,704092.7391311,720377.2848534571,718356.0988911071,717664.9548808357
2016-09-03,1057581.210918,5986,99611.0,44.39,0,5,3,9,3,2016,35,837129.587642,791047.534486,828986.33584,858903.2119025,747581.7583898857,729667.7040216072,722416.2708990822
2016-09-04,1109985.857533,6669,93135.0,44.39,0,6,4,9,3,2016,35,1057581.210918,858802.419759,901870.149939,904321.436838,785657.9978801714,745995.9093843214,729511.9137210643
2016-09-05,813763.2950235,5446,83275.0,44.39,0,0,5,9,3,2016,36,1109985.857533,671845.736816,714866.233843,715195.5388238,821541.3461336,760861.3170696071,736857.0716030287
2016-09-06,751583.025072,7130,83504.0,44.85,0,1,6,9,3,2016,36,813763.2950235,624711.335056,660819.9779755,635538.981035,841815.2830203857,767925.3928682143,740377.3486101606
2016-09-07,738543.916999,12437,79719.0,45.47,0,2,7,9,3,2016,36,751583.025072,731430.1240452,674613.0479498,658457.436112,859939.8101655286,774408.4676608214,744521.7787543393
2016-09-08,595849.2986095,5757,75262.0,47.63,0,3,8,9,3,2016,36,738543.916999,718105.570925,554421.529139,596729.279945,860956.0663017858,778974.9583071928,747382.0102145893
2016-09-09,658969.026968,11435,79604.0,45.88,0,4,9,9,3,2016,36,595849.2986095,837129.587642,646698.272887,745662.5051491,843490.8845424287,781934.084697943,747350.58230975
2016-09-10,915938.559049,6595,94115.0,45.88,0,5,10,9,3,2016,36,658969.026968,1057581.210918,791047.534486,714905.9190669,818039.3758747143,782810.5671323,744254.3866604251
2016-09-11,1017369.2242663,7187,91610.0,45.88,0,6,11,9,3,2016,36,915938.559049,1109985.857533,858802.419759,761826.1289779,797804.7113220001,791731.3546010858,751434.1238026429
2016-09-12,678776.4591265,5902,77125.0,46.28,0,0,12,9,3,2016,37,1017369.2242663,813763.2950235,671845.736816,720032.299881,784573.7637124715,803057.5549230358,760560.6629200857
2016-09-13,603427.946974,7836,74032.0,44.91,0,1,13,9,3,2016,37,678776.4591265,751583.025072,624711.335056,718671.651353,765289.9300129,803552.6065166428,759087.2400359965
2016-09-14,624262.071976,13238,73096.0,43.62,0,2,14,9,3,2016,37,603427.946974,738543.916999,731430.1240452,725945.703034,744124.9188560428,802032.3645107858,754971.3934510321
2016-09-15,568324.812986,8373,74741.0,43.85,0,3,15,9,3,2016,37,624262.071976,595849.2986095,718105.570925,577350.5209386,727798.9409956143,794377.5036487001,751339.8351989608
2016-09-16,691912.601466,14453,80789.0,43.04,0,4,16,9,3,2016,37,568324.812986,658969.026968,837129.587642,678767.115815,723866.8716208285,783678.8780816287,751017.4884863679
2016-09-17,899219.297508,9645,94298.0,43.04,0,5,17,9,3,2016,37,691912.601466,915938.559049,1057581.210918,828986.33584,728573.0965491142,773306.2362119143,751486.9701167607
2016-09-18,1018662.657394,10453,92375.0,43.04,0,6,18,9,3,2016,37,899219.297508,1017369.2242663,1109985.857533,901870.149939,726184.6306146857,761994.6709683428,753995.2901763321
2016-09-19,681159.341976,8924,76255.0,43.34,0,0,19,9,3,2016,38,1018662.657394,678776.4591265,813763.2950235,714866.233843,726369.4067757857,755471.5852441285,758166.4511568678
2016-09-20,650980.3219717001,10992,76572.0,43.85,0,1,20,9,3,2016,38,681159.341976,603427.946974,751583.025072,660819.9779755,726709.8186114285,745999.8743121643,756962.6335901892
2016-09-21,666928.400013,16166,76260.0,45.33,0,2,21,9,3,2016,38,650980.3219717001,624262.071976,738543.916999,674613.0479498,733503.0150396713,738813.9669478572,756611.2173043394
2016-09-22,533276.332017,9185,71282.0,46.1,0,3,22,9,3,2016,38,666928.400013,568324.812986,595849.2986095,554421.529139,739598.2047592428,733698.5728774286,756336.7655923107
2016-09-23,663685.9846653,14938,78422.0,44.36,0,4,23,9,3,2016,38,533276.332017,691912.601466,658969.026968,646698.272887,734591.2789065286,729229.0752636784,755581.5799808108
2016-09-24,861830.389997,10165,90980.0,44.36,0,5,24,9,3,2016,38,663685.9846653,899219.297508,915938.559049,791047.534486,730558.9050778572,729566.0008134857,756188.2839728928
2016-09-25,952352.5509251,10902,87687.0,44.36,0,6,25,9,3,2016,38,861830.389997,1018662.657394,1017369.2242663,858802.419759,725217.6325762857,725701.1315954857,758716.2430982857
2016-09-26,664217.4402937,9248,75050.0,45.6,0,0,26,9,3,2016,39,952352.5509251,681159.341976,678776.4591265,671845.736816,715744.7602235858,721057.0834996857,762057.3192113608
2016-09-27,587908.3278165,11118,68375.0,44.65,0,1,27,9,3,2016,39,664217.4402937,650980.3219717001,603427.946974,624711.335056,713324.4885546856,720017.1535830571,761784.88004985
2016-09-28,631761.1750463,15766,72772.0,47.07,1,2,28,9,3,2016,39,587908.3278165,666928.400013,624262.071976,731430.1240452,704314.2036753715,718908.6093575213,760470.4869341536
2016-09-29,520744.9210333,8746,68972.0,47.72,0,3,29,9,3,2016,39,631761.1750463,533276.332017,568324.812986,718105.570925,699290.3143944143,719444.2595768285,756910.8816127643
2016-09-30,703198.490806,14020,79125.0,47.72,0,4,30,9,3,2016,39,520744.9210333,663685.9846653,691912.601466,837129.587642,697500.1128253143,716045.6958659214,749862.286973775
2016-10-01,1175033.65823,9040,103065.0,47.72,0,5,1,10,4,2016,39,703198.490806,861830.389997,899219.297508,1057581.210918,703144.7565597,716851.8308187786,745079.0335153465
2016-10-02,1256480.1709663,10009,99386.0,47.72,0,6,2,10,4,2016,39,1175033.65823,952352.5509251,1018662.657394,1109985.857533,747888.0805929856,736552.8565846357,749273.7637764893
2016-10-03,833060.55889,8527,84086.0,48.8,0,0,3,10,4,2016,40,1256480.1709663,664217.4402937,681159.341976,813763.2950235,791334.8834560142,753539.8218398001,754505.7035419643
2016-10-04,724113.096039,11381,79380.0,48.67,0,1,4,10,4,2016,40,833060.55889,587908.3278165,650980.3219717001,751583.025072,815455.3289697714,764389.9087622286,755194.8915371964
2016-10-05,749712.3000211,16510,79403.0,49.75,0,2,5,10,4,2016,40,724113.096039,631761.1750463,666928.400013,738543.916999,834913.1530015571,769613.6783384642,754213.8226431607
2016-10-06,581429.340158,8844,73892.0,50.44,0,3,6,10,4,2016,40,749712.3000211,520744.9210333,533276.332017,595849.2986095,851763.3137122429,775526.8140533286,754612.6934653785
2016-10-07,797612.239327,14565,79737.0,49.76,1,4,7,10,4,2016,40,581429.340158,703198.490806,663685.9846653,658969.026968,860432.5164443428,778966.3146348286,754097.6949492536
2016-10-08,932551.706831,9965,94142.0,49.76,0,5,8,10,4,2016,40,797612.239327,1175033.65823,861830.389997,915938.559049,873920.1948044857,788532.4756820928,759049.2382477892
2016-10-09,1088251.479908,10957,93562.0,49.76,1,6,9,10,4,2016,40,932551.706831,1256480.1709663,952352.5509251,1017369.2242663,839279.9160332,793583.9983130929,759642.5649542892
2016-10-10,725312.8469015,9518,77691.0,49.76,0,0,10,10,4,2016,41,1088251.479908,833060.55889,664217.4402937,678776.4591265,815247.2458820144,803291.0646690142,762174.07408435
2016-10-11,625271.993952,11499,73298.0,50.72,0,1,11,10,4,2016,41,725312.8469015,724113.096039,587908.3278165,603427.946974,799854.7155979428,807655.0222838571,763836.0879334571
2016-10-12,665126.077693,15499,73721.0,50.14,0,2,12,10,4,2016,41,625271.993952,749712.3000211,631761.1750463,624262.071976,785734.5581569428,810323.8555792501,764616.2324683858
2016-10-13,558859.8909975,9141,70643.0,50.47,0,3,13,10,4,2016,41,665126.077693,581429.340158,520744.9210333,568324.812986,773650.8121100714,812707.0629111571,766075.6612439927
2016-10-14,667954.207226,14622,79146.0,50.35,0,4,14,10,4,2016,41,558859.8909975,797612.239327,703198.490806,691912.601466,770426.6050871428,815429.5607657429,765737.6283158322
2016-10-15,890613.591114,9962,92768.0,50.35,0,5,15,10,4,2016,41,667954.207226,932551.706831,1175033.65823,899219.297508,751904.0290727143,812912.1119386001,764881.9713786894
2016-10-16,1104504.6882152,11029,93951.0,50.35,0,6,16,10,4,2016,41,890613.591114,1088251.479908,1256480.1709663,1018662.657394,745912.8696845714,792596.3928588858,764574.6247217607
2016-10-17,710456.4240015,8913,76614.0,49.97,0,0,17,10,4,2016,42,1104504.6882152,725312.8469015,833060.55889,681159.341976,748234.7565856,781741.0012338071,767640.4115368036
2016-10-18,630638.592023,10764,73632.0,50.3,0,1,18,10,4,2016,42,710456.4240015,625271.993952,724113.096039,650980.3219717001,746112.4104570287,772983.5630274856,768686.7358948572
2016-10-19,647823.468973,15074,72931.0,51.59,0,2,19,10,4,2016,42,630638.592023,665126.077693,749712.3000211,666928.400013,746879.0673243143,766306.8127406286,767960.2455395464
2016-10-20,583001.280078,8438,73196.0,50.31,0,3,20,10,4,2016,42,647823.468973,558859.8909975,581429.340158,533276.332017,744407.2660786001,759029.0390943356,767277.9265738322
2016-10-21,669453.5420583,13952,78245.0,50.61,0,4,21,10,4,2016,42,583001.280078,667954.207226,797612.239327,663685.9846653,747856.0359472429,759141.3205171928,769053.8175760107
2016-10-22,843626.415914,8824,89857.0,50.61,0,5,22,10,4,2016,42,669453.5420583,890613.591114,932551.706831,861830.389997,748070.2266375715,749987.1278551428,769259.8017686178
2016-10-23,1022953.689959,10108,90866.0,50.61,0,6,23,10,4,2016,42,843626.415914,1104504.6882152,1088251.479908,952352.5509251,741357.7730375715,743635.3213610714,768609.6598370821
2016-10-24,668507.6451983,8278,73354.0,50.18,0,0,24,10,4,2016,43,1022953.689959,710456.4240015,725312.8469015,664217.4402937,729707.6304295429,738971.1935075715,771131.1290882928
2016-10-25,610590.8979547,10318,73074.0,49.45,0,1,25,10,4,2016,43,668507.6451983,630638.592023,625271.993952,587908.3278165,723714.9477433714,734913.6791002,771284.3506920285
2016-10-26,633413.8905697,20046,72818.0,48.75,0,2,26,10,4,2016,43,610590.8979547,647823.468973,665126.077693,631761.1750463,720850.9914479001,733865.0293861071,772094.4424826786
2016-10-27,544361.4798829,12296,71506.0,49.71,0,3,27,10,4,2016,43,633413.8905697,583001.280078,558859.8909975,520744.9210333,718792.4802474286,731599.8731630144,772153.4680370857
2016-10-28,638838.252231,18399,76876.0,48.72,0,4,28,10,4,2016,43,544361.4798829,669453.5420583,667954.207226,703198.490806,713272.5087909858,730564.2723691143,772996.9165674286
2016-10-29,841074.6969995,15002,90428.0,48.72,0,5,29,10,4,2016,43,638838.252231,843626.415914,890613.591114,1175033.65823,708898.8959585143,728484.5612980429,770698.3366183214
2016-10-30,954838.191008,15945,88744.0,48.72,0,6,30,10,4,2016,43,841074.6969995,1022953.689959,1104504.6882152,1256480.1709663,708534.3646850142,724946.0688612928,758771.2308600892
2016-10-31,654923.5029715,13089,75988.0,46.83,0,0,31,10,4,2016,44,954838.191008,668507.6451983,710456.4240015,833060.55889,698803.5791205857,714255.6047750643,747998.3030044356
2016-11-01,811832.445984,15036,85050.0,46.66,0,1,1,11,4,2016,44,654923.5029715,610590.8979547,630638.592023,724113.096039,696862.9873738999,710288.9675586356,741636.2652930607
2016-11-02,969033.618953,21832,90454.0,45.32,1,2,2,11,4,2016,44,811832.445984,633413.8905697,647823.468973,749712.3000211,725611.7799495143,723231.3856987071,744769.0992196678
2016-11-03,793811.6841115,13041,82525.0,44.66,1,3,3,11,4,2016,44,969033.618953,544361.4798829,583001.280078,581429.340158,773557.4554328428,746174.9678401358,752602.0034672357
2016-11-04,858468.216477,17726,85762.0,44.07,1,4,4,11,4,2016,44,793811.6841115,638838.252231,669453.5420583,797612.239327,809193.1988940715,761232.8538425287,760187.0871798608
2016-11-05,887751.298669,13143,88820.0,44.07,0,5,5,11,4,2016,44,858468.216477,841074.6969995,843626.415914,932551.706831,840568.9080720715,774733.9020152929,762360.5149352179
2016-11-06,1140367.104134,14731,92150.0,44.07,1,6,6,11,4,2016,44,887751.298669,954838.191008,1022953.689959,1088251.479908,847236.9940248572,777885.6793549358,760760.5003580035
2016-11-07,849451.0429045,12332,83114.0,44.88,1,0,7,11,4,2016,45,1140367.104134,654923.5029715,668507.6451983,725312.8469015,873741.1244714287,786272.3517960071,762621.7726517894
2016-11-08,767439.628434,13995,79917.0,44.96,0,1,8,11,4,2016,45,849451.0429045,811832.445984,610590.8979547,625271.993952,901530.7730332857,799196.8802035928,767055.2796518964
2016-11-09,790276.839009,21413,80077.0,45.2,0,2,9,11,4,2016,45,767439.628434,969033.618953,633413.8905697,665126.077693,895188.9419547142,810400.3609521143,772132.6951691107
2016-11-10,588241.7590247,11964,72768.0,44.62,1,3,10,11,4,2016,45,790276.839009,793811.6841115,544361.4798829,558859.8909975,869652.2591055714,821604.8572692071,776602.3652161108
2016-11-11,713396.4541223,17688,78815.0,43.39,1,4,11,11,4,2016,45,588241.7590247,858468.216477,638838.252231,667954.207226,840285.1269503143,824739.162922193,777651.7176456535
2016-11-12,929802.771943,13278,92716.0,43.39,1,5,12,11,4,2016,45,713396.4541223,887751.298669,841074.6969995,890613.591114,819560.5894710714,830064.7487715714,779274.6550348073
2016-11-13,1188982.232398,14446,98409.0,43.39,0,6,13,11,4,2016,45,929802.771943,1140367.104134,954838.191008,1104504.6882152,825567.9427959286,836402.468410393,780674.2686358428
2016-11-14,735723.172977,10519,77317.0,43.29,0,0,14,11,4,2016,46,1188982.232398,849451.0429045,654923.5029715,710456.4240015,832512.9611193571,853127.0427953929,783691.3237852285
2016-11-15,691801.6290437999,13178,76651.0,45.86,0,1,15,11,4,2016,46,735723.172977,767439.628434,811832.445984,630638.592023,816266.1225582857,858898.4477957858,784593.7076772107
2016-11-16,830431.7415873,20041,81603.0,45.56,0,2,16,11,4,2016,46,691801.6290437999,790276.839009,969033.618953,647823.468973,805460.6940739715,850324.8180143429,786778.1018565249
2016-11-17,615228.2560159,9983,74999.0,45.37,0,3,17,11,4,2016,46,830431.7415873,588241.7590247,793811.6841115,583001.280078,811197.1087280143,840424.6839167929,793299.8258784643
2016-11-18,738265.552222,15252,81854.0,45.69,0,4,18,11,4,2016,46,615228.2560159,713396.4541223,858468.216477,669453.5420583,815052.3225839,827668.7247671072,794450.7893048179
2016-11-19,935656.0010137,11708,94791.0,45.69,0,5,19,11,4,2016,46,738265.552222,929802.771943,887751.298669,843626.415914,818605.0508838572,819082.8201774644,796908.3610963786
2016-11-20,1125178.987911,12877,96368.0,45.69,0,6,20,11,4,2016,46,935656.0010137,1188982.232398,1140367.104134,1022953.689959,819441.2264653856,822504.5846306571,800195.1319927964
2016-11-21,773762.280859,11295,81536.0,47.48,0,0,21,11,4,2016,47,1125178.987911,735723.172977,849451.0429045,668507.6451983,810326.4772529572,821419.7191861571,803846.0354910821
2016-11-22,690281.251004,13276,80748.0,48.07,0,1,22,11,4,2016,47,773762.280859,691801.6290437999,767439.628434,610590.8979547,815760.6355218142,816013.3790400501,807605.1296218215
2016-11-23,753685.041456,20488,82390.0,46.72,0,2,23,11,4,2016,47,690281.251004,830431.7415873,790276.839009,633413.8905697,815543.4386589857,810502.0663664786,810451.2136592964
2016-11-24,595457.3062203,11234,76479.0,46.72,0,3,24,11,4,2016,47,753685.041456,615228.2560159,588241.7590247,544361.4798829,804579.6243545143,807888.3665412643,814746.6119052358
2016-11-25,737819.484836,17137,86981.0,46.72,1,4,25,11,4,2016,47,595457.3062203,738265.552222,713396.4541223,638838.252231,801755.2029551428,808403.7627695213,816571.4628458571
2016-11-26,908066.823384,12489,96748.0,46.72,0,5,26,11,4,2016,47,737819.484836,935656.0010137,929802.771943,841074.6969995,801691.4790428571,810148.2649633571,820106.5068674643
2016-11-27,1056721.5920875,13624,95628.0,46.72,0,6,27,11,4,2016,47,908066.823384,1125178.987911,1188982.232398,954838.191008,797750.1679528999,808595.6972091428,822499.0828097679
2016-11-28,752583.7680527,11861,79717.0,45.66,1,0,28,11,4,2016,48,1056721.5920875,773762.280859,735723.172977,654923.5029715,787970.5399781143,799148.5086155357,826137.7757054643
2016-11-29,645760.5082353,13347,74449.0,45.29,0,1,29,11,4,2016,48,752583.7680527,690281.251004,691801.6290437999,811832.445984,784945.0381486429,800352.8368352285,829625.6423155072
2016-11-30,767361.704324,19424,80680.0,49.41,0,2,30,11,4,2016,48,645760.5082353,753685.041456,830431.7415873,969033.618953,778584.9320388285,797064.1853489073,823694.501681625
2016-12-01,843603.315088,12985,84647.0,51.08,0,3,1,12,4,2016,48,767361.704324,595457.3062203,615228.2560159,793811.6841115,780538.7410199714,792559.1826872429,816491.9333020179
2016-12-02,853454.930795,18819,86775.0,51.7,0,4,2,12,4,2016,48,843603.315088,737819.484836,738265.552222,858468.216477,815988.1708582144,808871.6869066786,818270.2058368928
2016-12-03,1113440.567059,14279,102429.0,51.7,0,5,3,12,4,2016,48,853454.930795,908066.823384,935656.0010137,887751.298669,832507.5202809286,817099.4996618928,818091.1599196785
2016-12-04,1276195.0362097,15186,103907.0,51.7,0,6,4,12,4,2016,48,1113440.567059,1056721.5920875,1125178.987911,1140367.104134,861846.6265202144,829798.3972365571,826151.4909336072
2016-12-05,896824.938971,13159,88947.0,51.72,1,0,5,12,4,2016,49,1276195.0362097,752583.7680527,773762.280859,849451.0429045,893199.9756805286,840585.2578293214,831002.4885077393
2016-12-06,932546.385931,15573,92700.0,50.95,1,1,6,12,4,2016,49,896824.938971,645760.5082353,690281.251004,767439.628434,913805.8572402857,849375.4476944642,832694.4133672571
2016-12-07,867653.7351403,26861,88699.0,49.85,0,2,7,12,4,2016,49,932546.385931,767361.704324,753685.041456,790276.839009,954775.2683396714,866680.10018925,838591.0832778643
2016-12-08,674077.382905,13681,82550.0,50.84,1,3,8,12,4,2016,49,867653.7351403,843603.315088,595457.3062203,588241.7590247,969102.7013134286,874820.7211667,841354.5438539821
2016-12-09,774941.923982,19275,90723.0,51.51,0,4,9,12,4,2016,49,674077.382905,853454.930795,737819.484836,713396.4541223,944884.7110015714,880436.4409298928,844420.1018497071
2016-12-10,920050.745917,14826,100618.0,51.51,0,5,10,12,4,2016,49,774941.923982,1113440.567059,908066.823384,929802.771943,933668.5671711428,883088.0437260356,846618.1543446964
2016-12-11,1119324.243986,16281,101077.0,51.51,0,6,11,12,4,2016,49,920050.745917,1276195.0362097,1056721.5920875,1188982.232398,906041.4498651428,883944.0381926785,846269.8677009108
2016-12-12,844251.703802,13791,86093.0,52.74,0,0,12,12,4,2016,50,1119324.243986,896824.938971,752583.7680527,735723.172977,883631.3366903287,888415.6561854286,843782.0824004821
2016-12-13,747161.615593,16204,85927.0,52.99,0,1,13,12,4,2016,50,844251.703802,932546.385931,645760.5082353,691801.6290437999,876120.8745233285,894963.3658818072,847658.1013585179
2016-12-14,829763.2190675,21728,89417.0,51.01,0,2,14,12,4,2016,50,747161.615593,867653.7351403,767361.704324,830431.7415873,849637.3359036144,902206.302121643,849635.2437352751
2016-12-15,747641.1828753001,14623,91525.0,50.9,0,3,15,12,4,2016,50,829763.2190675,674077.382905,843603.315088,615228.2560159,844224.4050360714,906663.55317475,849611.3679309965
2016-12-16,918899.786306,20131,99717.0,51.93,0,4,16,12,4,2016,50,747641.1828753001,774941.923982,853454.930795,738265.552222,854733.5193175429,899809.1151595571,854340.4010331178
2016-12-17,1071655.6282493,15863,114465.0,51.93,0,5,17,12,4,2016,50,918899.786306,920050.745917,1113440.567059,935656.0010137,875298.9282209715,904483.7476960572,860791.6236789749
2016-12-18,1260471.9085900001,17228,116289.0,51.93,0,6,18,12,4,2016,50,1071655.6282493,1119324.243986,1276195.0362097,1125178.987911,896956.7685541572,901499.10920965,865648.7532231035
2016-12-19,1028242.8227987,15014,106760.0,52.13,0,0,19,12,4,2016,51,1260471.9085900001,844251.703802,896824.938971,773762.280859,917120.7206404429,900376.0286653858,870480.6432473536
2016-12-20,1080402.388032,17863,116392.0,52.22,0,1,20,12,4,2016,51,1028242.8227987,747161.615593,932546.385931,690281.251004,943405.1662114001,909763.0203673644,879569.2340309144
2016-12-21,1181307.3270735,23427,132060.0,51.44,1,2,21,12,4,2016,51,1080402.388032,829763.2190675,867653.7351403,753685.041456,991010.990845543,920324.1633745786,893502.1317819144
2016-12-22,1135849.391084,15486,138892.0,51.98,1,3,22,12,4,2016,51,1181307.3270735,747641.1828753001,674077.382905,595457.3062203,1041231.5777035429,942727.9913698072,908774.3562682535
2016-12-23,1282145.5171351,21531,156932.0,52.01,1,4,23,12,4,2016,51,1135849.391084,918899.786306,774941.923982,737819.484836,1096689.8931619285,975711.7062397357,928074.0735848144
2016-12-24,1246837.8430543,15250,167542.0,52.01,1,5,24,12,4,2016,51,1282145.5171351,1071655.6282493,920050.745917,908066.823384,1148582.1404232285,1011940.5343221,947514.2890240679
2016-12-26,1032770.748898,14818,105524.0,52.01,1,0,26,12,4,2016,52,1246837.8430543,1260471.9085900001,1119324.243986,1056721.5920875,1173608.1711096573,1035282.4698319072,959613.2540122928
2016-12-27,842475.490118,16147,95643.0,52.82,0,1,27,12,4,2016,52,1032770.748898,1028242.8227987,844251.703802,752583.7680527,1141079.4340108,1029100.0773256214,958757.8667555249
2016-12-28,951533.7138481,23634,103717.0,54.01,0,2,28,12,4,2016,52,842475.490118,1080402.388032,747161.615593,645760.5082353,1114541.2436278427,1028973.2049196215,961968.2854007144
2016-12-29,894108.236835,15877,102665.0,53.8,0,3,29,12,4,2016,52,951533.7138481,1181307.3270735,829763.2190675,767361.704324,1096131.433030143,1043571.2119378429,972888.7570297428
2016-12-30,1163643.0379923,21974,127771.0,53.75,0,4,30,12,4,2016,52,894108.236835,1135849.391084,747641.1828753001,843603.315088,1055102.9915675,1048167.2846355215,977415.4189051358
2016-12-31,1109012.812049,15984,135568.0,53.75,1,5,31,12,4,2016,52,1163643.0379923,1282145.5171351,918899.786306,853454.930795,1059073.5125544,1077881.7028581644,988845.4090088607
2017-01-01,12082.500997,170,1642.0,53.75,0,6,1,1,1,2017,52,1109012.812049,1246837.8430543,1071655.6282493,1113440.567059,1034340.2689706715,1091461.20469695,997972.4761965036
2017-01-02,1402306.370834,11812,107718.0,53.75,1,0,2,1,1,2017,1,12082.500997,1032770.748898,1260471.9085900001,1276195.0362097,857946.6486767714,1015777.4098932144,958638.2595514321
2017-01-03,1104377.0798245,13906,97185.0,52.36,0,1,3,1,1,2017,1,1402306.370834,842475.490118,1028242.8227987,896824.938971,910737.4518104858,1025908.442910643,963142.2357880144
2017-01-04,990093.463742,22918,91527.0,53.26,0,2,4,1,1,2017,1,1104377.0798245,951533.7138481,1080402.388032,932546.385931,948151.9646257,1031346.6041267713,970554.8122470679
2017-01-05,777620.9540695,8550,84930.0,53.77,0,3,5,1,1,2017,1,990093.463742,894108.236835,1181307.3270735,867653.7351403,953660.5003248287,1024895.9666774857,972610.0650260322
2017-01-06,839600.237989,15539,89963.0,53.98,0,4,6,1,1,2017,1,777620.9540695,1163643.0379923,1135849.391084,674077.382905,937019.4599297572,996061.2257486285,969394.6085592179
2017-01-07,1103806.298949,10406,102954.0,53.98,0,5,7,1,1,2017,1,839600.237989,1109012.812049,1282145.5171351,774941.923982,890727.6313578571,974900.5719561287,975306.1390979321
2017-01-08,1192543.750978,11277,96784.0,53.98,0,6,8,1,1,2017,1,1103806.298949,12082.500997,1246837.8430543,920050.745917,889983.8437721429,962162.0563714072,987051.2953467536
2017-01-09,793724.8969065,9647,82111.0,51.95,0,0,9,1,1,2017,2,1192543.750978,1402306.370834,1032770.748898,1119324.243986,1058621.165198,958283.9069373858,996783.1883846464
2017-01-10,742635.5692609,11820,79932.0,50.82,0,1,10,1,1,2017,2,793724.8969065,1104377.0798245,842475.490118,844251.703802,971680.9546369286,941209.2032237072,985154.6402746643
2017-01-11,770742.690065,17301,80692.0,52.19,0,2,11,1,1,2017,2,742635.5692609,990093.463742,951533.7138481,747161.615593,920003.5959849857,934077.7803053429,981525.4926124822
2017-01-12,629635.794004,9601,75691.0,53.01,0,3,12,1,1,2017,2,770742.690065,777620.9540695,894108.236835,829763.2190675,888667.7711739857,921164.1357494071,982367.673843625
2017-01-13,768898.9443882,15674,84068.0,52.36,0,4,13,1,1,2017,2,629635.794004,839600.237989,1163643.0379923,747641.1828753001,867527.0340217714,902273.2469757643,975220.2658056428
2017-01-14,1021050.536226,10682,99921.0,52.36,0,5,14,1,1,2017,2,768898.9443882,1103806.298949,1109012.812049,918899.786306,857426.8492216571,874077.2402897571,975979.4715739609
2017-01-15,1175725.165838,11548,97107.0,52.36,0,6,15,1,1,2017,2,1021050.536226,1192543.750978,12082.500997,1071655.6282493,845604.5974040858,867794.2205881142,979627.7126425321
2017-01-16,824488.666175,9912,84038.0,52.36,0,0,16,1,1,2017,3,1175725.165838,793724.8969065,1402306.370834,1260471.9085900001,843201.9423840857,950911.553791043,983344.4818421286
2017-01-17,750836.542952,12064,80093.0,52.45,0,1,17,1,1,2017,3,824488.666175,742635.5692609,1104377.0798245,1028242.8227987,847596.7665653,909638.8606011142,967773.6517558786
2017-01-18,782656.0246723,18723,80984.0,51.12,0,2,18,1,1,2017,3,750836.542952,770742.690065,990093.463742,1080402.388032,848768.3342354571,884385.9651102215,957866.2846184963
2017-01-19,606949.7448793,9633,74388.0,51.39,0,3,19,1,1,2017,3,782656.0246723,629635.794004,777620.9540695,1181307.3270735,850470.2391793571,869569.0051766714,947232.4859270786
2017-01-20,725703.6910875,14854,78949.0,52.33,0,4,20,1,1,2017,3,606949.7448793,768898.9443882,839600.237989,1135849.391084,847229.3750186858,857378.2045202286,926719.7151344286
2017-01-21,1072721.724905,10194,101813.0,52.33,0,5,21,1,1,2017,3,725703.6910875,1021050.536226,1103806.298949,1282145.5171351,841058.6245471571,849242.736884407,912071.6544202678
2017-01-22,1148214.358454,11257,96999.0,52.33,0,6,22,1,1,2017,3,1072721.724905,1175725.165838,1192543.750978,1246837.8430543,848440.2229298715,847022.4101669786,904592.2332691929
2017-01-23,798133.612125,9356,83426.0,52.77,0,0,23,1,1,2017,4,1148214.358454,824488.666175,793724.8969065,1032770.748898,844510.1075893,843856.0249866928,901069.9659620393
2017-01-24,721275.774781,11940,79149.0,52.38,0,1,24,1,1,2017,4,798133.612125,750836.542952,742635.5692609,842475.490118,840745.0998678714,844170.9332165858,892690.0682201466
2017-01-25,744342.5929227,18532,79315.0,52.14,0,2,25,1,1,2017,4,721275.774781,782656.0246723,770742.690065,951533.7138481,836522.1329862999,842645.2336108786,888361.5069581108
2017-01-26,576515.5369877,7562,72551.0,53.24,0,3,26,1,1,2017,4,744342.5929227,606949.7448793,629635.794004,894108.236835,831048.7855935001,840759.5123864285,880961.8240679179
2017-01-27,722113.958837,13112,82681.0,53.18,0,4,27,1,1,2017,4,576515.5369877,725703.6910875,768898.9443882,1163643.0379923,826701.0416089856,836965.2083138358,869619.2276448
2017-01-28,977850.40585,8264,97396.0,53.18,0,5,28,1,1,2017,4,722113.958837,1072721.724905,1021050.536226,1109012.812049,826188.2227160571,833623.4236316072,853850.3319606821
2017-01-29,1075166.993043,9260,91697.0,53.18,0,6,29,1,1,2017,4,977850.40585,1148214.358454,1175725.165838,12082.500997,812635.1771367714,830537.7000333214,849165.9603107178
2017-01-30,698123.768037,7330,75086.0,52.63,0,0,30,1,1,2017,5,1075166.993043,798133.612125,824488.666175,1402306.370834,802199.8392209143,823354.9734051072,887133.263598075
2017-01-31,778222.285925,10584,82058.0,52.75,0,1,31,1,1,2017,5,698123.768037,721275.774781,750836.542952,1104377.0798245,787912.7186369143,814328.909252393,861983.8849267535
2017-02-01,961777.382874,16375,87964.0,53.9,0,2,1,2,1,2017,5,778222.285925,744342.5929227,782656.0246723,990093.463742,796047.9345146286,816285.0337504642,850335.4994303428
2017-02-02,748882.732615,8017,83067.0,53.55,0,3,2,2,1,2017,5,961777.382874,576515.5369877,606949.7448793,777620.9540695,827110.0473648142,829079.4164791572,849324.2108279143
2017-02-03,834667.1519293,13655,88575.0,53.81,0,4,3,2,1,2017,5,748882.732615,722113.958837,725703.6910875,839600.237989,851733.9324544286,839217.4870317072,848297.8457759678
2017-02-04,1132788.541413,8302,105312.0,53.81,0,5,4,2,1,2017,5,834667.1519293,977850.40585,1072721.724905,1103806.298949,867812.960039043,847000.59137755,848121.6641309785
2017-02-05,1151987.631095,9052,97630.0,53.81,0,6,5,2,1,2017,5,1132788.541413,1075166.993043,1148214.358454,1192543.750978,889946.9794051858,851291.0782709785,849156.7442189787
2017-02-06,786672.394181,7734,84557.0,53.01,0,0,6,2,1,2017,6,1151987.631095,698123.768037,798133.612125,793724.8969065,900921.3562697571,851560.5977453357,847708.3113660143
2017-02-07,739431.213302,9964,83402.0,52.19,0,1,7,2,1,2017,6,786672.394181,778222.285925,721275.774781,742635.5692609,913571.1600046143,850741.9393207643,847456.436268675
2017-02-08,783605.377185,19103,83891.0,52.37,0,2,8,2,1,2017,6,739431.213302,961777.382874,744342.5929227,770742.690065,908029.5782013286,852038.7563579787,847341.9949844285
2017-02-09,624387.487899,7213,77382.0,52.99,0,3,9,2,1,2017,6,783605.377185,748882.732615,576515.5369877,629635.794004,882576.4345314716,854843.2409481427,847801.3766672856
2017-02-10,752207.2398545,12607,86359.0,53.84,0,4,10,2,1,2017,6,624387.487899,834667.1519293,722113.958837,768898.9443882,864791.3995720429,858262.6660132358,847613.9371635357
2017-02-11,944924.65301,7840,97213.0,53.84,0,5,11,2,1,2017,6,752207.2398545,1132788.541413,977850.40585,1021050.536226,853011.4121327858,860412.1860859144,847017.8048587607
2017-02-12,1074820.900014,8800,93429.0,53.84,0,6,12,2,1,2017,6,944924.65301,1151987.631095,1075166.993043,1175725.165838,826173.7137895001,858060.3465973429,844299.0233153321
2017-02-13,794314.4320675,7527,93688.0,52.96,0,0,13,2,1,2017,7,1074820.900014,786672.394181,698123.768037,824488.666175,815149.895063643,858035.6256667001,840695.2995359037
2017-02-14,642613.187069,9653,99371.0,53.21,0,1,14,2,1,2017,7,794314.4320675,739431.213302,778222.285925,750836.542952,816241.6147617142,864906.3873831643,839617.6483177786
2017-02-15,745780.355084,17201,80501.0,53.11,0,2,15,2,1,2017,7,642613.187069,783605.377185,961777.382874,782656.0246723,802410.4681569999,855220.0231791643,835752.5284648143
2017-02-16,645968.2570671,8104,77887.0,53.41,0,3,16,2,1,2017,7,745780.355084,624387.487899,748882.732615,606949.7448793,797006.8935711429,839791.6640513071,834435.5402652322
2017-02-17,758855.71279,13615,84398.0,53.41,0,4,17,2,1,2017,7,645968.2570671,752207.2398545,834667.1519293,725703.6910875,800089.8605951571,832440.6300836001,835829.0585576536
2017-02-18,1063394.844003,8434,101410.0,53.41,0,5,18,2,1,2017,7,758855.71279,944924.65301,1132788.541413,1072721.724905,801039.6424430858,827025.5272879357,837013.0593327429
2017-02-19,858897.1230135,9119,81949.0,53.41,0,6,19,2,1,2017,7,1063394.844003,1074820.900014,1151987.631095,1148214.358454,817963.9554420856,822068.8346157928,836679.9564433858
2017-02-20,759120.0599607,8008,79470.0,53.41,0,0,20,2,1,2017,8,858897.1230135,794314.4320675,786672.394181,798133.612125,787117.7015848713,801133.7983242571,826347.1980347965
2017-02-21,717807.6770255,10436,79807.0,54.02,0,1,21,2,1,2017,8,759120.0599607,642613.187069,739431.213302,721275.774781,782089.9341410429,799165.7744513786,824953.8568860714
2017-02-22,739388.0344027,16096,79788.0,53.61,0,2,22,2,1,2017,8,717807.6770255,745780.355084,783605.377185,744342.5929227,792832.0041348286,797621.2361459143,824829.9962519464
2017-02-23,675578.500156,8374,82795.0,54.48,0,3,23,2,1,2017,8,739388.0344027,645968.2570671,624387.487899,576515.5369877,791918.8154660715,794462.8545186071,824653.047733375
2017-02-24,816197.498952,14147,89170.0,53.99,0,4,24,2,1,2017,8,675578.500156,758855.71279,752207.2398545,722113.958837,796148.8501930572,798119.3553941072,828191.0107036715
2017-02-25,1026011.2228075,9005,101255.0,53.99,0,5,25,2,1,2017,8,816197.498952,1063394.844003,944924.65301,977850.40585,804340.5339304857,802690.0881867857,831551.13713635
2017-02-26,775708.987978,9260,80860.0,53.99,0,6,26,2,1,2017,8,1026011.2228075,858897.1230135,1074820.900014,1075166.993043,799000.0166168428,808481.9860294644,833271.1663134036
2017-02-27,744956.948138,8398,79336.0,54.04,1,0,27,2,1,2017,9,775708.987978,759120.0599607,794314.4320675,698123.768037,787115.9973260572,787116.8494554644,822576.2375610822
2017-02-28,949366.8290505,11215,87904.0,54.0,1,1,28,2,1,2017,9,744956.948138,717807.6770255,642613.187069,778222.285925,785092.6956371,783591.3148890714,824248.8511361179
2017-03-01,1008521.709962,18621,89799.0,53.82,0,2,1,3,1,2017,9,949366.8290505,739388.0344027,745780.355084,961777.382874,818172.5744978143,805502.2893163215,830361.1562477428
2017-03-02,836225.179072,9186,86294.0,52.63,1,3,2,3,1,2017,9,1008521.709962,675578.500156,645968.2570671,748882.732615,856620.2424348572,824269.5289504643,832030.5965008857
2017-03-03,882639.776274,15308,89211.0,53.33,0,4,3,3,1,2017,9,836225.179072,816197.498952,758855.71279,834667.1519293,879569.7679942857,837859.3090936715,835149.9695886357
2017-03-04,1125736.3470592,9661,103055.0,53.33,0,5,4,3,1,2017,9,882639.776274,1026011.2228075,1063394.844003,1132788.541413,889061.5218974286,846701.0279139571,836863.2776009465
2017-03-05,1196983.690104,10362,97988.0,53.33,0,6,5,3,1,2017,9,1125736.3470592,775708.987978,858897.1230135,1151987.631095,903307.9682190999,851153.9924179714,836611.4135168821
2017-03-06,790143.2410905,8100,82584.0,53.19,0,0,6,3,1,2017,10,1196983.690104,744956.948138,759120.0599607,786672.394181,963490.0685228144,875303.0329244358,838218.4156243465
2017-03-07,761866.729975,10556,82315.0,52.68,0,1,7,3,1,2017,10,790143.2410905,949366.8290505,717807.6770255,739431.213302,969945.2532303144,877518.9744337072,838342.3744425429
2017-03-08,781046.6619577,16073,86740.0,49.83,0,2,8,3,1,2017,10,761866.729975,1008521.709962,739388.0344027,783605.377185,943159.5247909572,880666.0496443857,839143.64289515
2017-03-09,653901.1919827,7340,76926.0,48.75,0,3,9,3,1,2017,10,781046.6619577,836225.179072,675578.500156,624387.487899,910663.0893617714,883641.6658983143,839052.2602084607
2017-03-10,773855.30685,13248,84691.0,48.05,0,4,10,3,1,2017,10,653901.1919827,882639.776274,816197.498952,752207.2398545,884616.8054918714,882093.2867430785,840106.321068593
2017-03-11,1001174.4340065,7610,97521.0,48.05,0,5,11,3,1,2017,10,773855.30685,1125736.3470592,1026011.2228075,944924.65301,869076.1670027288,879068.8444500787,840879.4663184322
2017-03-12,1146006.826973,8594,95842.0,48.05,0,6,12,3,1,2017,10,1001174.4340065,1196983.690104,775708.987978,1074820.900014,851281.6079952001,877294.78810715,842888.3870683071
2017-03-13,754390.380036,7142,79887.0,47.95,0,0,13,3,1,2017,11,1146006.826973,790143.2410905,744956.948138,794314.4320675,843999.1989764858,903744.6337496501,845430.7416025571
2017-03-14,700998.0346447,9650,78200.0,47.24,0,1,14,3,1,2017,11,754390.380036,761866.729975,949366.8290505,642613.187069,838891.6473972715,904418.4503137929,844004.8826014323
2017-03-15,815621.887369,15436,84574.0,48.34,0,2,15,3,1,2017,11,700998.0346447,781046.6619577,1008521.709962,745780.355084,830196.1194929428,886677.82214195,846090.0557291358
2017-03-16,699108.166824,7569,79030.0,48.3,0,3,16,3,1,2017,11,815621.887369,653901.1919827,836225.179072,645968.2570671,835135.437408843,872899.2633853072,848584.3961678857
2017-03-17,812306.77427,14263,87303.0,48.34,0,4,17,3,1,2017,11,699108.166824,773855.30685,882639.776274,758855.71279,841593.5766718857,863105.1910818786,850482.250087775
2017-03-18,1038906.566154,8705,99094.0,48.34,0,5,18,3,1,2017,11,812306.77427,1001174.4340065,1125736.3470592,1063394.844003,847086.6434461714,858081.40522445,852391.2165692037
2017-03-19,1157140.638587,9579,96738.0,48.34,0,6,19,3,1,2017,11,1038906.566154,1146006.826973,1196983.690104,858897.1230135,852476.9480386715,851879.2780169358,851516.6352174536
2017-03-20,826428.90991,8349,85005.0,47.79,0,0,20,3,1,2017,12,1157140.638587,754390.380036,790143.2410905,759120.0599607,854067.4925549572,849033.3457657214,862168.1893450785
2017-03-21,746620.926177,11112,81716.0,47.02,0,1,21,3,1,2017,12,826428.90991,700998.0346447,761866.729975,717807.6770255,864358.7111083857,851625.1792528286,864572.0768432679
2017-03-22,767880.804934,16052,80140.0,47.29,0,2,22,3,1,2017,12,746620.926177,815621.887369,781046.6619577,739388.0344027,870876.2670415714,850536.1932672571,865601.1214558213
2017-03-23,670848.010029,6839,77989.0,47.0,0,3,23,3,1,2017,12,767880.804934,699108.166824,653901.1919827,675578.500156,864056.112408,849595.7749084214,866618.7204033679
2017-03-24,787914.125515,13150,83314.0,47.3,0,4,24,3,1,2017,12,670848.010029,812306.77427,773855.30685,816197.498952,860018.9471515715,850806.2619117287,866449.7743274036
2017-03-25,1038139.316887,8520,99235.0,47.3,0,5,25,3,1,2017,12,787914.125515,1038906.566154,1001174.4340065,1026011.2228075,856534.2830437144,851810.463244943,865439.6538475107
2017-03-26,1101557.476706,9434,92660.0,47.3,0,6,26,3,1,2017,12,1038139.316887,1157140.638587,1146006.826973,775708.987978,856424.6760055714,854450.8120221215,865872.8000646357
2017-03-27,784103.265042,7884,80872.0,47.02,0,0,27,3,1,2017,13,1101557.476706,826428.90991,754390.380036,744956.948138,848484.2243082857,851275.8584316215,877510.2460906357
2017-03-28,702943.9485770001,10654,77666.0,48.36,0,1,28,3,1,2017,13,784103.265042,746620.926177,700998.0346447,949366.8290505,842437.7036128571,853398.2073606214,878908.3288372072
2017-03-29,824632.985033,17151,81918.0,49.47,0,2,29,3,1,2017,13,702943.9485770001,767880.804934,815621.887369,1008521.709962,836198.1353842857,853537.2012129286,870107.5116774393
2017-03-30,637624.340998,9116,75304.0,50.3,0,3,30,3,1,2017,13,824632.985033,670848.010029,699108.166824,836225.179072,844305.5896841428,854180.8510460714,863540.0572156893
2017-03-31,878750.03788,14027,87034.0,50.54,0,4,31,3,1,2017,13,637624.340998,787914.125515,812306.77427,882639.776274,839559.3512511428,849789.149201357,856447.1701416179
2017-04-01,1463083.962459,7450,113083.0,50.54,1,5,1,4,2,2017,13,878750.03788,1038139.316887,1038906.566154,1125736.3470592,852535.9101604286,854535.0966020714,856308.2509132607
2017-04-02,1138650.058898,7946,94696.0,50.54,0,6,2,4,2,2017,13,1463083.962459,1101557.476706,1157140.638587,1196983.690104,913242.2880992858,884833.4820524286,868356.3800346822
2017-04-03,835191.622029,6545,81294.0,50.25,0,0,3,4,2,2017,14,1138650.058898,784103.265042,826428.90991,790143.2410905,918541.2284124286,883512.7263603573,866273.0360630393
2017-04-04,835602.6360017,9316,84872.0,50.99,0,1,4,4,2,2017,14,835191.622029,702943.9485770001,746620.926177,761866.729975,925839.5651248572,884138.6343688571,867881.9068108428
2017-04-05,846631.307907,15094,85255.0,51.14,0,2,5,4,2,2017,14,835602.6360017,824632.985033,767880.804934,781046.6619577,944790.8061855285,890494.4707849072,870515.3320260822
2017-04-06,683059.570103,6973,80775.0,51.69,0,3,6,4,2,2017,14,846631.307907,637624.340998,670848.010029,653901.1919827,947933.4237389571,896119.50671155,872857.6408099858
2017-04-07,765502.211925,12478,85781.0,52.25,0,4,7,4,2,2017,14,683059.570103,878750.03788,787914.125515,773855.30685,954424.1707539571,896991.7610025499,873899.0114571393
2017-04-08,988591.469958,7567,98033.0,52.25,0,5,8,4,2,2017,14,765502.211925,1463083.962459,1038139.316887,1001174.4340065,938245.9099032428,895390.9100318357,873600.6866383894
2017-04-09,1101713.657101,8423,94617.0,52.25,0,6,9,4,2,2017,14,988591.469958,1138650.058898,1101557.476706,1146006.826973,870461.2681173857,891851.7781083357,873151.2950652286
2017-04-10,739392.130988,6662,81868.0,53.06,0,0,10,4,2,2017,15,1101713.657101,835191.622029,784103.265042,754390.380036,865184.6392892429,891862.9338508358,871569.3961412285
2017-04-11,741331.430196,9681,84105.0,53.38,0,1,11,4,2,2017,15,739392.130988,835602.6360017,702943.9485770001,700998.0346447,851498.9977119571,888669.2814184071,871033.7443895143
2017-04-12,791762.312883,18094,84052.0,53.12,0,2,12,4,2,2017,15,741331.430196,846631.307907,824632.985033,815621.887369,838031.6825968571,891411.2443911928,872474.2228020608
2017-04-13,737029.565183,10215,90752.0,53.19,1,3,13,4,2,2017,15,791762.312883,683059.570103,637624.340998,699108.166824,830193.2547362857,889063.3392376214,871622.0951418465
2017-04-14,740889.486829,15812,86517.0,53.19,1,4,14,4,2,2017,15,737029.565183,765502.211925,878750.03788,812306.77427,837903.2540334286,896163.7123936929,872976.430797525
2017-04-15,898610.217928,10690,97165.0,53.19,0,5,15,4,2,2017,15,740889.486829,988591.469958,1463083.962459,1038906.566154,834387.1504482857,886316.5301757642,870425.8133889178
2017-04-16,985493.795113,11676,90664.0,53.19,0,6,16,4,2,2017,15,898610.217928,1101713.657101,1138650.058898,1157140.638587,821532.6858725714,845996.9769949785,865415.2295237036
2017-04-17,775916.9059055,10152,83043.0,52.62,0,0,17,4,2,2017,16,985493.795113,739392.130988,835191.622029,826428.90991,804929.8484457142,835057.2438674784,859284.9851139178
2017-04-18,717196.315762,11980,80334.0,52.46,0,1,18,4,2,2017,16,775916.9059055,741331.430196,835602.6360017,746620.926177,810147.6734339286,830823.3355729429,857480.9849709
2017-04-19,735733.2142477001,19618,78999.0,50.49,0,2,19,4,2,2017,16,717196.315762,791762.312883,846631.307907,767880.804934,806699.7999433571,822365.7412701071,856430.1060275072
2017-04-20,675804.0219027,11231,82905.0,50.26,0,3,20,4,2,2017,16,735733.2142477001,737029.565183,683059.570103,670848.010029,798695.6429954572,814444.4488658713,855281.9777887107
2017-04-21,795795.893872,18291,90055.0,49.64,1,4,21,4,2,2017,16,675804.0219027,740889.486829,765502.211925,787914.125515,789949.1368125571,813926.1954229929,855458.9782127714
2017-04-22,974952.817869,12972,101125.0,49.64,0,5,22,4,2,2017,16,795795.893872,898610.217928,988591.469958,1038139.316887,797792.9092472715,816090.0298477786,855740.4699398072
2017-04-23,1140070.2748035,14276,101186.0,49.64,0,6,23,4,2,2017,16,974952.817869,985493.795113,1101713.657101,1101557.476706,808698.9949531286,815115.8404128501,853483.8092605928
2017-04-24,755072.530945,12476,81901.0,48.9,0,0,24,4,2,2017,17,1140070.2748035,775916.9059055,739392.130988,784103.265042,830781.3491946285,817855.5988201713,854859.2663355035
2017-04-25,718996.080637,14844,82193.0,49.22,0,1,25,4,2,2017,17,755072.530945,717196.315762,741331.430196,702943.9485770001,827803.5813431286,818975.6273885285,853822.4544034678
2017-04-26,781159.2829995,21140,84709.0,49.22,0,2,26,4,2,2017,17,718996.080637,735733.2142477001,791762.312883,824632.985033,828060.6906109856,817380.2452771714,854395.7448341821
2017-04-27,624910.0260955,12602,78971.0,48.96,0,3,27,4,2,2017,17,781159.2829995,675804.0219027,737029.565183,637624.340998,834550.1290041001,816622.8859997785,852843.1126187
2017-04-28,797636.6251025,18991,87474.0,49.31,0,4,28,4,2,2017,17,624910.0260955,795795.893872,740889.486829,878750.03788,827279.5581745001,808614.3474935285,852389.0299436107
2017-04-29,1068279.815941,13643,104870.0,49.31,0,5,29,4,2,2017,17,797636.6251025,974952.817869,898610.217928,1463083.962459,827542.5197788571,812667.7145130642,849492.1223444144
2017-04-30,1041249.2479705,14204,96514.0,49.31,0,6,30,4,2,2017,17,1068279.815941,1140070.2748035,985493.795113,1138650.058898,840874.948074857,824786.9715139929,835391.9742544856
2017-05-01,1306699.366897,12733,106440.0,48.83,1,0,1,5,2,2017,18,1041249.2479705,755072.530945,775916.9059055,835191.622029,826757.6585272857,828769.5038609571,831913.3738642178
2017-05-02,907324.094113,14155,88668.0,47.65,0,1,2,5,2,2017,18,1306699.366897,718996.080637,717196.315762,835602.6360017,905561.4922347143,866682.5367889216,848752.9361809322
2017-05-03,924247.257204,21181,89713.0,47.79,0,2,3,5,2,2017,18,907324.094113,781159.2829995,735733.2142477001,846631.307907,932465.494159857,880263.0923854215,851314.4168277642
2017-05-04,716654.608983,10040,81957.0,45.55,0,3,4,5,2,2017,18,924247.257204,624910.0260955,675804.0219027,683059.570103,952906.6333319285,893728.3811680144,854086.4150169428
2017-05-05,780798.407016,15908,85333.0,46.23,0,4,5,5,2,2017,18,716654.608983,797636.6251025,795795.893872,765502.211925,966013.0023158571,896646.2802451785,855286.2378340857
2017-05-06,1039417.861868,10346,104203.0,46.23,0,5,6,5,2,2017,18,780798.407016,1068279.815941,974952.817869,988591.469958,963607.5425892143,895575.0311840356,855832.5305159072
2017-05-07,1227380.607924,11503,103210.0,46.23,0,6,7,5,2,2017,18,1039417.861868,1041249.2479705,1140070.2748035,1101713.657101,959484.4062930715,900179.6771839643,857647.7587984073
2017-05-08,776307.495015,9552,84221.0,46.46,0,0,8,5,2,2017,19,1227380.607924,1306699.366897,755072.530945,739392.130988,986074.6005721428,906416.1295497144,862135.8641849429
2017-05-09,715811.198881,12040,82345.0,45.84,0,1,9,5,2,2017,19,776307.495015,907324.094113,718996.080637,741331.430196,910304.3331604284,907932.9126975713,863454.2700430499
2017-05-10,766101.907094,20292,83637.0,47.28,0,2,10,5,2,2017,19,715811.198881,924247.257204,781159.2829995,791762.312883,882945.3481272857,907705.4211435715,862542.8332103714
2017-05-11,648650.413039,11109,81476.0,47.81,0,3,11,5,2,2017,19,766101.907094,716654.608983,624910.0260955,737029.565183,860353.1552544285,906629.8942931786,861626.3901464784
2017-05-12,764812.415784,16721,91482.0,47.83,1,4,12,5,2,2017,19,648650.413039,780798.407016,797636.6251025,740889.486829,850638.2701195714,908325.6362177143,858469.9918556215
2017-05-13,1116976.891153,12225,121889.0,47.83,1,5,13,5,2,2017,19,764812.415784,1039417.861868,1068279.815941,898610.217928,848354.5570864286,905981.0498378214,859324.3821754428
2017-05-14,884199.9138385,12682,101257.0,47.83,1,6,14,5,2,2017,19,1116976.891153,1227380.607924,1041249.2479705,985493.795113,859434.418412857,909459.4123529643,867123.1919334785
2017-05-15,823035.572122,11265,83716.0,48.86,0,0,15,5,2,2017,20,884199.9138385,776307.495015,1306699.366897,775916.9059055,810408.6049720714,898241.6027721072,863505.5533165323
2017-05-16,807803.8950783,13685,85528.0,48.64,0,1,16,5,2,2017,20,823035.572122,715811.198881,907324.094113,717196.315762,817084.0445587857,863694.1888596072,865188.3628242643
2017-05-17,841407.607944,18617,85560.0,49.04,0,2,17,5,2,2017,20,807803.8950783,766101.907094,924247.257204,735733.2142477001,830225.8583012571,856585.6032142714,868424.3477998463
2017-05-18,628487.989962,10594,77561.0,49.36,0,3,18,5,2,2017,20,841407.607944,648650.413039,716654.608983,675804.0219027,840983.8155655429,850668.4854099856,872198.433289
2017-05-19,773775.4378677,15706,86286.0,50.32,0,4,19,5,2,2017,20,628487.989962,764812.415784,780798.407016,795795.893872,838103.4694116858,844370.8697656287,870508.5750054036
2017-05-20,1035667.381833,10841,101709.0,50.32,0,5,20,5,2,2017,20,773775.4378677,1116976.891153,1039417.861868,974952.817869,839383.9011379286,843869.2291121787,869722.1301481072
2017-05-21,1201938.886229,12033,101626.0,50.32,0,6,21,5,2,2017,20,1035667.381833,884199.9138385,1227380.607924,1140070.2748035,827768.2569493571,843601.3376811071,871890.5074325356
2017-05-22,778935.156126,10039,84049.0,50.81,0,0,22,5,2,2017,21,1201938.886229,823035.572122,776307.495015,755072.530945,873159.5387194287,841784.07184575,874100.1006977322
2017-05-23,723151.767982,12292,82008.0,51.12,0,1,23,5,2,2017,21,778935.156126,807803.8950783,715811.198881,718996.080637,866859.4792914287,841971.7619251071,874952.3373113393
2017-05-24,746303.6271255,20850,81879.0,50.99,0,2,24,5,2,2017,21,723151.767982,841407.607944,766101.907094,781159.2829995,854766.3182776714,842496.0882894642,875100.7547165178
2017-05-25,620108.24391,9527,78501.0,48.57,0,3,25,5,2,2017,21,746303.6271255,628487.989962,648650.413039,624910.0260955,841180.0353036,841081.9254345715,873855.909863875
2017-05-26,984511.1521135,16458,96455.0,49.58,1,4,26,5,2,2017,21,620108.24391,773775.4378677,764812.415784,797636.6251025,839982.9287247428,839043.1990682142,873684.4176429643
2017-05-27,932219.893144,10604,96509.0,49.58,0,5,27,5,2,2017,21,984511.1521135,1035667.381833,1116976.891153,1068279.815941,870088.0307598572,854735.9659488929,880358.5078933572
2017-05-28,1061771.636907,11854,94970.0,49.58,0,6,28,5,2,2017,21,932219.893144,1201938.886229,884199.9138385,1041249.2479705,855309.81809,841539.0375196786,875499.2249363215
2017-05-29,776813.137038,10056,83121.0,49.58,0,0,29,5,2,2017,22,1061771.636907,778935.156126,823035.572122,1306699.366897,835285.9253297142,854222.7320245715,876232.1673983393
2017-05-30,742471.2769905,12281,83210.0,49.63,0,1,30,5,2,2017,22,776813.137038,723151.767982,807803.8950783,907324.094113,834982.7797457142,850921.1295185714,857307.6591890893
2017-05-31,858062.149411,17457,93365.0,48.29,0,2,31,5,2,2017,22,742471.2769905,746303.6271255,841407.607944,924247.257204,837742.7096040715,846254.5139408715,851420.0585775714
2017-06-01,766859.172845,3498,90171.0,48.32,0,3,1,6,2,2017,22,858062.149411,620108.24391,628487.989962,716654.608983,853708.2127877144,847444.1240456571,849056.3047278215
2017-06-02,918421.319125,13480,91840.0,47.68,0,4,2,6,2,2017,22,766859.172845,984511.1521135,773775.4378677,780798.407016,874672.6312070001,857327.7799658714,850849.32486575
2017-06-03,1176138.109152,9337,106965.0,47.68,0,5,3,6,2,2017,22,918421.319125,932219.893144,1035667.381833,1039417.861868,865231.2264943572,867659.6286271072,855764.4288696429
2017-06-04,1376511.520495,10512,106972.0,47.68,0,6,4,6,2,2017,22,1176138.109152,1061771.636907,1201938.886229,1227380.607924,900076.6859240715,877693.2520070357,860647.2948440714
2017-06-05,912693.8511,8750,88273.0,47.4,0,0,5,6,2,2017,23,1376511.520495,776813.137038,778935.156126,776307.495015,945039.5264366429,890162.7258831786,865973.3988644643
2017-06-06,805546.647956,11319,84447.0,48.13,0,1,6,6,2,2017,23,912693.8511,742471.2769905,723151.767982,715811.198881,964451.0570169286,899716.9183813215,870844.3401532143
2017-06-07,842979.8370823,17369,85758.0,45.8,0,2,7,6,2,2017,23,805546.647956,858062.149411,746303.6271255,766101.907094,973461.8242977143,905602.266950893,874049.1776201787
2017-06-08,667099.801025,10621,78500.0,45.68,0,3,8,6,2,2017,23,842979.8370823,766859.172845,620108.24391,648650.413039,971307.2082507572,912507.7105192357,876794.8179769035
2017-06-09,795116.1360699,15713,87431.0,45.82,0,4,9,6,2,2017,23,667099.801025,918421.319125,984511.1521135,764812.415784,957055.8694193286,915864.2503131643,877453.7246906894
2017-06-10,993732.684049,11792,99716.0,45.82,0,5,10,6,2,2017,23,795116.1360699,1176138.109152,932219.893144,1116976.891153,939440.8432686,902336.0348814785,878536.0004151857
2017-06-11,1213673.946877,13187,100856.0,45.82,0,6,11,6,2,2017,23,993732.684049,1376511.520495,1061771.636907,884199.9138385,913382.9253967429,906729.8056604072,874134.421590043
2017-06-12,768349.7589517,10854,81080.0,46.1,0,0,12,6,2,2017,24,1213673.946877,912693.8511,776813.137038,823035.572122,890120.4148798856,917579.9706582642,885901.3513414179
2017-06-13,729412.959849,13186,81063.0,46.41,0,1,13,6,2,2017,24,768349.7589517,805546.647956,742471.2769905,807803.8950783,869499.8302872714,916975.4436520999,883948.2865853356
2017-06-14,785885.9088963,20019,82752.0,44.79,0,2,14,6,2,2017,24,729412.959849,842979.8370823,858062.149411,841407.607944,858623.5891291285,916042.7067134214,881148.6103271464
2017-06-15,660338.346974,10081,81831.0,44.47,0,3,15,6,2,2017,24,785885.9088963,667099.801025,766859.172845,628487.989962,850467.3136739858,910887.2609623715,879165.6925040142
2017-06-16,834786.4275550001,15820,92852.0,44.73,0,4,16,6,2,2017,24,660338.346974,795116.1360699,918421.319125,773775.4378677,849501.3916667,903278.6305430143,880303.2052544429
2017-06-17,1096133.5508865,11567,114201.0,44.73,0,5,17,6,2,2017,24,834786.4275550001,993732.684049,1176138.109152,1035667.381833,855168.5761645715,897304.7097165856,882482.1691718464
2017-06-18,965144.121179,12259,99193.0,44.73,0,6,18,6,2,2017,24,1096133.5508865,1213673.946877,1376511.520495,1201938.886229,869797.2714270715,891590.0984119072,884641.6752094714
2017-06-19,791146.393731,10399,82891.0,44.24,0,0,19,6,2,2017,25,965144.121179,768349.7589517,912693.8511,778935.156126,834293.0106130714,862206.7127464785,876184.7193148285
2017-06-20,787326.7170395,13072,83508.0,43.34,0,1,20,6,2,2017,25,791146.393731,729412.959849,805546.647956,723151.767982,837549.6727244,853524.7515058357,876620.8349435786
2017-06-21,766159.0112892,21009,82929.0,42.48,0,2,21,6,2,2017,25,787326.7170395,785885.9088963,842979.8370823,746303.6271255,845823.0666087571,852223.3278689429,878912.7974099179
2017-06-22,609868.8309586,11621,77639.0,42.53,0,3,22,6,2,2017,25,766159.0112892,660338.346974,667099.801025,620108.24391,843004.9383791714,846736.1260265786,879621.9182729071
2017-06-23,761049.7450639,17672,86346.0,42.86,1,4,23,6,2,2017,25,609868.8309586,834786.4275550001,795116.1360699,984511.1521135,835795.0075198285,842648.1995932643,879256.2249532143
2017-06-24,963268.227135,12262,99057.0,42.86,0,5,24,6,2,2017,25,761049.7450639,1096133.5508865,993732.684049,932219.893144,825261.1957353858,840214.8859499786,871275.4604157285
2017-06-25,1092610.858614,13371,95082.0,42.86,1,6,25,6,2,2017,25,963268.227135,965144.121179,1213673.946877,1061771.636907,806280.4351994572,838038.8533132643,872384.3294868356
2017-06-26,755367.8450665,10857,81443.0,43.24,0,0,26,6,2,2017,26,1092610.858614,791146.393731,768349.7589517,776813.137038,824489.9691187429,829391.4898659071,873485.7302620857
2017-06-27,682218.468913,13169,79226.0,44.25,0,1,27,6,2,2017,26,755367.8450665,787326.7170395,729412.959849,742471.2769905,819378.7478809572,828464.2103026786,872719.8269773892
2017-06-28,731896.9850105,20138,80551.0,44.74,0,2,28,6,2,2017,26,682218.468913,766159.0112892,785885.9088963,858062.149411,804363.2838628857,825093.1752358215,870567.9409746213
2017-06-29,630811.802872,13403,77922.0,44.88,0,3,29,6,2,2017,26,731896.9850105,609868.8309586,660338.346974,766859.172845,799468.7086802142,821236.8235296927,866062.0422460322
2017-06-30,802273.1392327,18245,88368.0,46.02,0,4,30,6,2,2017,26,630811.802872,761049.7450639,834786.4275550001,918421.319125,802460.5618107,819127.7846652642,861203.2076041392
2017-07-01,1207529.921868,13017,108993.0,46.02,0,5,1,7,3,2017,26,802273.1392327,963268.227135,1096133.5508865,1176138.109152,808349.6181205285,816805.4069279572,857055.0583222714
2017-07-02,1296379.2175535,13882,104392.0,46.02,0,6,2,7,3,2017,26,1207529.921868,1092610.858614,965144.121179,1376511.520495,843244.1459395286,824762.2905694928,858176.1944907
2017-07-03,925143.408816,12329,90976.0,46.02,1,0,3,7,3,2017,27,1296379.2175535,755367.8450665,791146.393731,912693.8511,872353.9115023141,848421.9403105286,855314.3265285036
2017-07-04,832359.2860137,14888,89109.0,46.02,0,1,4,7,3,2017,27,925143.408816,682218.468913,787326.7170395,805546.647956,896607.5634665284,857993.1556737429,855758.9535897893
2017-07-05,844301.613116,23049,89085.0,45.11,0,2,5,7,3,2017,27,832359.2860137,731896.9850105,766159.0112892,842979.8370823,918056.2516237713,861209.7677433285,856716.5478061356
2017-07-06,700272.0099567,13192,82927.0,45.52,0,3,6,7,3,2017,27,844301.613116,630811.802872,609868.8309586,667099.801025,934114.0556388429,866791.3821595284,856763.7540930536
2017-07-07,805792.302193,18485,89467.0,44.25,0,4,7,7,3,2017,27,700272.0099567,802273.1392327,761049.7450639,795116.1360699,944036.9423652285,873248.7520879643,857948.4758406142
2017-07-08,998347.1930085,13428,101349.0,44.25,0,5,8,7,3,2017,27,805792.302193,1207529.921868,963268.227135,993732.684049,944539.6799309858,876444.6490257571,858329.7674878679
2017-07-09,1100833.322376,14273,97757.0,44.25,0,6,9,7,3,2017,27,998347.1930085,1296379.2175535,1092610.858614,1213673.946877,914656.4329510572,878950.2894452929,858494.5713792786
2017-07-10,804158.8610365,12239,85547.0,44.4,0,0,10,7,3,2017,28,1100833.322376,925143.408816,755367.8450665,768349.7589517,886721.3050685572,879537.6082854357,854464.5490756714
2017-07-11,730534.767701,14429,83071.0,45.06,0,1,11,7,3,2017,28,804158.8610365,832359.2860137,682218.468913,729412.959849,869437.7982429144,883022.6808547213,855743.4455787
2017-07-12,748799.9959087,20226,84155.0,45.48,0,2,12,7,3,2017,28,730534.767701,844301.613116,731896.9850105,785885.9088963,854891.4384839572,886473.8450538643,855783.5101448429
2017-07-13,629651.3629294999,10199,78720.0,46.06,0,3,13,7,3,2017,28,748799.9959087,700272.0099567,630811.802872,660338.346974,841248.3503114858,887681.2029751643,854459.0132524286
2017-07-14,765489.6173932999,16059,87671.0,46.53,0,4,14,7,3,2017,28,629651.3629294999,805792.302193,802273.1392327,834786.4275550001,831159.6864504571,887598.3144078429,853363.0495365536
2017-07-15,969077.125075,11079,100293.0,46.53,0,5,15,7,3,2017,28,765489.6173932999,998347.1930085,1207529.921868,1096133.5508865,825402.1600505,884970.9199907428,850888.1634593501
2017-07-16,1100803.699023,11720,96119.0,46.53,0,6,16,7,3,2017,28,969077.125075,1100833.322376,1296379.2175535,965144.121179,821220.7217742857,867938.5773626714,846350.4339660822
2017-07-17,818325.522149,10056,85477.0,46.02,0,0,17,7,3,2017,29,1100803.699023,804158.8610365,925143.408816,791146.393731,821216.4898667142,853968.8974676357,851195.4188890822
2017-07-18,730133.70894,12065,82267.0,46.4,0,1,18,7,3,2017,29,818325.522149,730534.767701,832359.2860137,787326.7170395,823240.2985970714,846339.0484199928,852166.1020468678
2017-07-19,767978.778078,18201,83265.0,47.1,0,2,19,7,3,2017,29,730133.70894,748799.9959087,844301.613116,766159.0112892,823183.0044883571,839037.2214861572,850123.4946147428
2017-07-20,688288.067857,10708,82423.0,46.73,0,3,20,7,3,2017,29,767978.778078,629651.3629294999,700272.0099567,609868.8309586,825922.8305125429,833585.5904120142,850188.4862857714
2017-07-21,782418.2992188,15340,88613.0,45.78,0,4,21,7,3,2017,29,688288.067857,765489.6173932999,805792.302193,761049.7450639,834299.5026450428,832729.5945477501,852989.1733178572
2017-07-22,932902.046681,10070,97358.0,45.78,0,5,22,7,3,2017,29,782418.2992188,969077.125075,998347.1930085,963268.227135,836717.8857629715,831060.0229067357,853752.3359662464
2017-07-23,1024288.741245,10870,94170.0,45.78,1,6,23,7,3,2017,29,932902.046681,1100803.699023,1100833.322376,1092610.858614,831550.0174209715,826385.3695976286,852667.8295214607
2017-07-24,816564.327096,9448,85120.0,46.21,1,0,24,7,3,2017,30,1024288.741245,818325.522149,804158.8610365,755367.8450665,820619.3091669715,820917.8995168429,850227.7539011393
2017-07-25,713581.632609,11325,81930.0,47.77,1,1,25,7,3,2017,30,816564.327096,730133.70894,730534.767701,682218.468913,820367.7098736856,821804.0042353786,852413.3425450501
2017-07-26,740653.044167,18725,82113.0,48.58,0,2,26,7,3,2017,30,713581.632609,767978.778078,748799.9959087,731896.9850105,818003.1275406858,820593.0660145215,853533.4555341928
2017-07-27,659849.8270588,8001,78743.0,49.05,0,3,27,7,3,2017,30,740653.044167,688288.067857,629651.3629294999,630811.802872,814099.4512676857,820011.1408901142,853846.1719326393
2017-07-28,835099.6822035,13850,89197.0,49.72,0,4,28,7,3,2017,30,659849.8270588,782418.2992188,765489.6173932999,802273.1392327,810036.8454393715,822168.1740422072,854883.2442250251
2017-07-29,1032310.865737,9099,100227.0,49.72,0,5,29,7,3,2017,30,835099.6822035,932902.046681,969077.125075,1207529.921868,817562.7572943287,827140.32152865,856055.6207596965
2017-07-30,1123752.4779517,10227,94899.0,49.72,0,6,30,7,3,2017,30,1032310.865737,1024288.741245,1100803.699023,1296379.2175535,831764.0171594715,831657.0172902215,849797.7973264464
2017-07-31,885856.8408705,8649,88593.0,50.21,0,0,31,7,3,2017,31,1123752.4779517,816564.327096,818325.522149,925143.408816,845973.1224032857,833296.2157851286,843632.5566263822
2017-08-01,988527.763204,10150,92083.0,49.19,0,1,1,8,3,2017,31,885856.8408705,713581.632609,730133.70894,832359.2860137,855872.0529425001,838119.8814080928,842229.4649140429
2017-08-02,964712.016051,16524,93023.0,49.6,0,2,2,8,3,2017,31,988527.763204,740653.044167,767978.778078,844301.613116,895150.0715989285,856576.5995698071,847806.910527982
2017-08-03,728068.485132,7859,85521.0,49.03,0,3,3,8,3,2017,31,964712.016051,659849.8270588,688288.067857,700272.0099567,927158.4961537857,870628.9737107357,852107.282061375
2017-08-04,827775.686128,14193,91305.0,49.57,0,4,4,8,3,2017,31,728068.485132,835099.6822035,782418.2992188,805792.302193,936904.0187356714,873470.4320875214,853100.0133176359
2017-08-05,965693.650492,8684,101108.0,49.57,1,5,5,8,3,2017,31,827775.686128,1032310.865737,932902.046681,998347.1930085,935857.7335820285,876710.2454381787,853885.1341724572
2017-08-06,1049559.164277,9565,96162.0,49.57,0,6,6,8,3,2017,31,965693.650492,1123752.4779517,1024288.741245,1100833.322376,926340.9885470284,879052.50285325,852718.9362254393
2017-08-07,797464.963817,8209,87072.0,49.37,0,0,7,8,3,2017,32,1049559.164277,885856.8408705,816564.327096,804158.8610365,915741.943736357,880857.5330698214,850887.7162933322
2017-08-08,717766.3491055,10638,83422.0,49.07,0,1,8,8,3,2017,32,797464.963817,988527.763204,713581.632609,730534.767701,903114.5327287143,879493.2928356072,850648.6485354928
2017-08-09,734139.67401,16117,85452.0,49.59,0,2,9,8,3,2017,32,717766.3491055,964712.016051,740653.044167,748799.9959087,864434.3307146429,879792.2011567857,850192.6335856535
2017-08-10,651386.9119697,7917,83064.0,48.54,0,3,10,8,3,2017,32,734139.67401,728068.485132,659849.8270588,629651.3629294999,831495.4247087857,879326.9604312858,849669.0506607
2017-08-11,826373.722022,14179,89551.0,48.81,1,4,11,8,3,2017,32,651386.9119697,827775.686128,835099.6822035,765489.6173932999,820540.9142570285,878722.46649635,850445.3202692785
2017-08-12,792630.5350785,8312,89927.0,48.81,0,5,12,8,3,2017,32,826373.722022,965693.650492,1032310.865737,969077.125075,820340.633670457,878099.1836262428,852619.7525774464
2017-08-13,865639.677471,9283,85993.0,48.81,0,6,13,8,3,2017,32,792630.5350785,1049559.164277,1123752.4779517,1100803.699023,795617.3314685285,860979.1600077787,846318.088649
2017-08-14,760922.4060808,8043,85448.0,47.59,0,0,14,8,3,2017,33,865639.677471,797464.963817,885856.8408705,818325.522149,769343.1190676715,842542.5314020142,837919.3735935715
2017-08-15,762661.935939,10605,86561.0,47.57,1,1,15,8,3,2017,33,760922.4060808,717766.3491055,988527.763204,730133.70894,764122.7536767857,833618.64320275,835869.2623054215
